<?xml version="1.0" encoding="utf-8"?>
<manifest xmlns="http://www.we7.cc" versionCode="0.8,1.0">
	<application setting="true">
		<name><![CDATA[米花同城社区]]></name>
		<identifie><![CDATA[yc_youliao]]></identifie>
		<version><![CDATA[6.6.3]]></version>
		<type><![CDATA[business]]></type>
		<ability><![CDATA[米花同城社区，同城论坛，同城生活]]></ability>
		<description><![CDATA[米花同城社区，同城论坛，同城生活,米花同城便民]]></description>
		<author><![CDATA[福利社区]]></author>
		<url><![CDATA[https://www.xxx.com]]></url>
	</application>
	<platform>
		<subscribes>
		</subscribes>
		<handles>
			<message type="text" />
		</handles>
		<rule embed="false" />
		<card embed="false" />
		<supports>
			<item type="wxapp" />
			<item type="app" />
		</supports>
	</platform>
	<bindings>
		<cover> 
			<entry title="手机端社区入口   " direct="false" state="" do="index"/>
		</cover>
		<menu> 
			<entry title="独立后台入口   " direct="false" state="" do="index"/>
		</menu>
		<home>
		</home>
		<page> 
			<entry title="首页   " direct="false" state="" do="/yc_youliao/pages/index/index"/>
		</page>
	</bindings>
	<permissions>
	</permissions>
	<install><![CDATA[CREATE TABLE IF NOT EXISTS `ims_mihua_hotel_type` (
`id` int(11) NOT NULL AUTO_INCREMENT,
`uniacid` int(11) NOT NULL,
`rank` int(11),
`type_name` varchar(50),
`type_desc` varchar(50),
`thumb` varchar(255),
`status` int(2),
PRIMARY KEY (`id`)
) ENGINE=MyISAM DEFAULT CHARSET=utf8;

CREATE TABLE IF NOT EXISTS `ims_mihua_sq_account` (
`cash_id` int(11) NOT NULL AUTO_INCREMENT,
`uniacid` int(11),
`shop_id` int(11),
`username` varchar(64),
`money` int(11),
`addtime` int(11),
`status` tinyint(1),
`reason` text,
`account` varchar(64),
`bank_name` varchar(128),
`bank_num` varchar(32),
`bank_branch` varchar(128),
`bank_realname` varchar(64),
`ordersn` varchar(20),
`paytype` tinyint(1),
`alipay_account` varchar(128),
`alipay_name` varchar(64),
`transfer` decimal(10,2),
`amount` decimal(10,2),
`admin_id` int(11),
`openid` varchar(100) NOT NULL,
`checktime` int(11),
`check_admin` int(11),
`type` tinyint(3),
PRIMARY KEY (`cash_id`)
) ENGINE=MyISAM DEFAULT CHARSET=utf8;

CREATE TABLE IF NOT EXISTS `ims_mihua_sq_address` (
`id` int(10) unsigned NOT NULL AUTO_INCREMENT,
`openid` varchar(50) NOT NULL,
`realname` varchar(20) NOT NULL,
`mobile` varchar(11) NOT NULL,
`province` varchar(30) NOT NULL,
`city` varchar(30) NOT NULL,
`area` varchar(30) NOT NULL,
`address` varchar(300) NOT NULL,
`isdefault` tinyint(3) unsigned NOT NULL,
`deleted` tinyint(3) unsigned NOT NULL,
`uniacid` int(11),
`lat` varchar(255),
`lng` varchar(255),
`inco` varchar(300),
PRIMARY KEY (`id`)
) ENGINE=MyISAM DEFAULT CHARSET=utf8;

CREATE TABLE IF NOT EXISTS `ims_mihua_sq_admin` (
`admin_id` int(11) NOT NULL AUTO_INCREMENT,
`uniacid` int(11),
`admin_name` varchar(100),
`nickname` varchar(100),
`passport` varchar(50),
`password` varchar(200),
`avatar` varchar(200),
`openid` varchar(100) NOT NULL,
`addtime` int(11),
`status` tinyint(1),
`msg_flag` tinyint(1),
`mobile` char(15),
`admin_uid` int(11),
`type` varchar(100),
`salt` char(20),
PRIMARY KEY (`admin_id`)
) ENGINE=MyISAM DEFAULT CHARSET=utf8;

CREATE TABLE IF NOT EXISTS `ims_mihua_sq_adv` (
`id` int(11) NOT NULL AUTO_INCREMENT,
`uniacid` int(11),
`advname` varchar(50),
`link` varchar(255) NOT NULL,
`thumb` varchar(255),
`displayorder` int(11),
`enabled` int(11),
`type` text,
`add_time` int(11) NOT NULL,
PRIMARY KEY (`id`),
KEY `indx_uniacid` (`uniacid`),
KEY `indx_enabled` (`enabled`),
KEY `indx_displayorder` (`displayorder`)
) ENGINE=MyISAM DEFAULT CHARSET=utf8;

CREATE TABLE IF NOT EXISTS `ims_mihua_sq_area` (
`area_id` smallint(5) unsigned NOT NULL AUTO_INCREMENT,
`uniacid` int(11),
`city_id` smallint(5),
`parent_id` int(11),
`area_name` varchar(32),
`orderby` tinyint(3),
`is_hot` tinyint(1),
PRIMARY KEY (`area_id`)
) ENGINE=MyISAM DEFAULT CHARSET=utf8;

CREATE TABLE IF NOT EXISTS `ims_mihua_sq_balance` (
`balance_id` int(11) NOT NULL AUTO_INCREMENT,
`uniacid` int(10) unsigned NOT NULL,
`money` float(10,2),
`uid` int(11),
`addtime` int(11),
`status` tinyint(1),
`openid` varchar(100),
PRIMARY KEY (`balance_id`)
) ENGINE=MyISAM DEFAULT CHARSET=utf8;

CREATE TABLE IF NOT EXISTS `ims_mihua_sq_black` (
`black_id` int(11) NOT NULL AUTO_INCREMENT,
`uniacid` int(10) unsigned NOT NULL,
`uid` varchar(50),
`createtime` int(11) NOT NULL,
PRIMARY KEY (`black_id`)
) ENGINE=MyISAM DEFAULT CHARSET=utf8;

CREATE TABLE IF NOT EXISTS `ims_mihua_sq_cart` (
`id` int(10) unsigned NOT NULL AUTO_INCREMENT,
`uniacid` int(10) unsigned NOT NULL,
`goodsid` int(11) NOT NULL,
`goodstype` tinyint(1) NOT NULL,
`from_user` varchar(50) NOT NULL,
`total` int(10) unsigned NOT NULL,
`optionid` int(10),
`marketprice` decimal(10,2),
PRIMARY KEY (`id`),
KEY `idx_openid` (`from_user`)
) ENGINE=MyISAM DEFAULT CHARSET=utf8;

CREATE TABLE IF NOT EXISTS `ims_mihua_sq_cash` (
`cash_id` int(11) NOT NULL AUTO_INCREMENT,
`cash_ordersn` varchar(20) NOT NULL,
`cash_type` tinyint(1),
`create_time` int(11) NOT NULL,
`openid` varchar(50) NOT NULL,
`from_openid` varchar(50) NOT NULL,
`uniacid` int(11),
`type_id` int(11),
`amount` decimal(10,2) NOT NULL,
`status` tinyint(1),
`red_id` int(11) NOT NULL,
PRIMARY KEY (`cash_id`),
UNIQUE KEY `id` (`cash_id`)
) ENGINE=MyISAM DEFAULT CHARSET=utf8;

CREATE TABLE IF NOT EXISTS `ims_mihua_sq_channel` (
`id` int(10) unsigned NOT NULL AUTO_INCREMENT,
`weid` int(11) NOT NULL,
`name` varchar(30) NOT NULL,
`thumb` varchar(100) NOT NULL,
`sharetitle` varchar(50) NOT NULL,
`sharethumb` varchar(100) NOT NULL,
`sharedes` varchar(100) NOT NULL,
`displayorder` int(11) NOT NULL,
`canrelease` tinyint(1) NOT NULL,
`isshenhe` tinyint(1) NOT NULL,
`iscang` tinyint(1) NOT NULL,
`minscore` smallint(6) NOT NULL,
`isneedpay` tinyint(1) NOT NULL,
`needpay` decimal(10,2) NOT NULL,
`templateid` smallint(6) NOT NULL,
`detailtemplateid` smallint(6) NOT NULL,
`module` tinyint(4) NOT NULL,
`autourl` varchar(200) NOT NULL,
`listhtml` longtext NOT NULL,
`detailhtml` longtext NOT NULL,
`defult_list` tinyint(1) NOT NULL,
`defult_detail` tinyint(1) NOT NULL,
`ison` tinyint(1) NOT NULL,
`zdprice` decimal(10,2) NOT NULL,
`haibaobg` varchar(100) NOT NULL,
`template` varchar(20) NOT NULL,
`template2` varchar(20) NOT NULL,
`template3` varchar(20) NOT NULL,
`fid` smallint(6) NOT NULL,
`bgparam` varchar(10240) NOT NULL,
`show_location` tinyint(1),
`show_comment` tinyint(1),
`minusscore` smallint(6) NOT NULL,
PRIMARY KEY (`id`)
) ENGINE=MyISAM DEFAULT CHARSET=utf8;

CREATE TABLE IF NOT EXISTS `ims_mihua_sq_chat` (
`id` int(10) unsigned NOT NULL AUTO_INCREMENT,
`weid` int(11) NOT NULL,
`openid` varchar(100) NOT NULL,
`toopenid` varchar(100) NOT NULL,
`content` varchar(255) NOT NULL,
`time` int(11) NOT NULL,
`nickname` varchar(50) NOT NULL,
`avatar` varchar(200) NOT NULL,
`type` tinyint(1) NOT NULL,
`hasread` tinyint(1) NOT NULL,
`deleteid` int(11),
`userid` varchar(100),
`user1` int(11),
`user2` int(11),
`flag` tinyint(3),
PRIMARY KEY (`id`)
) ENGINE=MyISAM DEFAULT CHARSET=utf8;

CREATE TABLE IF NOT EXISTS `ims_mihua_sq_city` (
`city_id` smallint(5) unsigned NOT NULL AUTO_INCREMENT,
`uniacid` int(11),
`name` varchar(64),
`pinyin` varchar(32),
`isopen` tinyint(2),
`lng` varchar(15),
`lat` varchar(15),
`orderby` tinyint(3),
`first_letter` char(1),
`is_hot` tinyint(1),
`add_time` int(11) NOT NULL,
PRIMARY KEY (`city_id`)
) ENGINE=MyISAM DEFAULT CHARSET=utf8;

CREATE TABLE IF NOT EXISTS `ims_mihua_sq_citys` (
`id` int(11) unsigned NOT NULL AUTO_INCREMENT,
`weid` int(11) NOT NULL,
`province` varchar(50) NOT NULL,
`city` varchar(50) NOT NULL,
`district` varchar(50) NOT NULL,
`is_hot` tinyint(1) NOT NULL,
`firstz` char(1) NOT NULL,
`type` tinyint(1) NOT NULL,
`displayorder` int(11) NOT NULL,
PRIMARY KEY (`id`)
) ENGINE=MyISAM DEFAULT CHARSET=utf8;

CREATE TABLE IF NOT EXISTS `ims_mihua_sq_collect` (
`id` int(10) unsigned NOT NULL AUTO_INCREMENT,
`weid` int(11) NOT NULL,
`openid` varchar(100) NOT NULL,
`message_id` int(11) NOT NULL,
`time` int(11) NOT NULL,
`shop_id` int(11),
`goods_id` int(11),
`type` tinyint(3),
PRIMARY KEY (`id`)
) ENGINE=MyISAM DEFAULT CHARSET=utf8;

CREATE TABLE IF NOT EXISTS `ims_mihua_sq_comment` (
`comment_id` int(11) NOT NULL AUTO_INCREMENT,
`uniacid` int(11) NOT NULL,
`comment_content` text,
`mid` int(11),
`goods_id` int(11),
`ordersn` char(20),
`addtime` int(11),
`status` tinyint(1),
`reply` varchar(1000),
PRIMARY KEY (`comment_id`)
) ENGINE=InnoDB DEFAULT CHARSET=utf8;

CREATE TABLE IF NOT EXISTS `ims_mihua_sq_discount` (
`id` int(11) unsigned NOT NULL AUTO_INCREMENT,
`uniacid` int(11) unsigned,
`shop_id` int(11),
`cardtype` tinyint(3) unsigned,
`cardname` varchar(100),
`needcredit` int(11) unsigned,
`cardvalue` decimal(10,2) unsigned,
`fullmoney` decimal(10,2) unsigned,
`randomnum` decimal(10,2) unsigned,
`totalnum` int(11) unsigned,
`takednum` int(11) unsigned,
`lastnum` int(11) unsigned,
`usednum` int(11) unsigned,
`limitnum` int(11) unsigned,
`expire` int(11) unsigned,
`starttime` int(11) unsigned,
`endtime` int(11) unsigned,
`status` tinyint(3) unsigned,
`time` int(11) unsigned,
`isrecommand` tinyint(3) unsigned,
PRIMARY KEY (`id`)
) ENGINE=MyISAM DEFAULT CHARSET=utf8;

CREATE TABLE IF NOT EXISTS `ims_mihua_sq_discount_record` (
`id` int(11) NOT NULL AUTO_INCREMENT,
`uniacid` int(10) unsigned NOT NULL,
`discount_id` int(10) unsigned NOT NULL,
`aftermoney` float(10,2),
`paymoney` float(10,2),
`shop_id` int(11),
`mid` int(11),
`createtime` int(11),
`ordersn` varchar(20),
`status` tinyint(2),
`paytype` tinyint(1),
PRIMARY KEY (`id`)
) ENGINE=MyISAM DEFAULT CHARSET=utf8;

CREATE TABLE IF NOT EXISTS `ims_mihua_sq_fields` (
`id` int(10) unsigned NOT NULL AUTO_INCREMENT,
`weid` int(11) NOT NULL,
`mid` int(11) NOT NULL,
`name` varchar(50) NOT NULL,
`enname` varchar(30) NOT NULL,
`mtype` varchar(20) NOT NULL,
`mtypecon` varchar(255) NOT NULL,
`canvoice` tinyint(1) NOT NULL,
`canvideo` tinyint(1) NOT NULL,
`isrequired` tinyint(1) NOT NULL,
`islenval` tinyint(1) NOT NULL,
`minlen` smallint(6) NOT NULL,
`maxlen` smallint(6) NOT NULL,
`displayorder` int(11) NOT NULL,
`defaultval` varchar(100) NOT NULL,
`showname` varchar(50) NOT NULL,
`sharetype` tinyint(1) NOT NULL,
`isfilter` tinyint(1) NOT NULL,
`danwei` varchar(50) NOT NULL,
PRIMARY KEY (`id`)
) ENGINE=MyISAM DEFAULT CHARSET=utf8;

CREATE TABLE IF NOT EXISTS `ims_mihua_sq_footmark` (
`foot_id` int(11) NOT NULL AUTO_INCREMENT,
`uniacid` int(10) unsigned NOT NULL,
`uid` int(10) unsigned NOT NULL,
`content` text,
PRIMARY KEY (`foot_id`)
) ENGINE=MyISAM DEFAULT CHARSET=utf8;

CREATE TABLE IF NOT EXISTS `ims_mihua_sq_get_redpackage` (
`get_id` int(11) NOT NULL AUTO_INCREMENT,
`red_id` int(11) NOT NULL,
`uniacid` int(11),
`openid` varchar(50) NOT NULL,
`get_amount` decimal(10,2) NOT NULL,
`create_time` int(11) NOT NULL,
PRIMARY KEY (`get_id`),
UNIQUE KEY `id` (`get_id`)
) ENGINE=MyISAM DEFAULT CHARSET=utf8;

CREATE TABLE IF NOT EXISTS `ims_mihua_sq_goods` (
`goods_id` int(10) unsigned NOT NULL AUTO_INCREMENT,
`uniacid` int(11),
`shop_id` int(11),
`title` varchar(100) NOT NULL,
`thumb` varchar(255),
`xsthumb` varchar(255),
`description` varchar(1000) NOT NULL,
`content` text NOT NULL,
`marketprice` decimal(10,2) NOT NULL,
`productprice` decimal(10,2) NOT NULL,
`costprice` decimal(10,2) NOT NULL,
`total` int(10) NOT NULL,
`sales` int(10) NOT NULL,
`spec` varchar(5000) NOT NULL,
`createtime` int(10) NOT NULL,
`maxbuy` int(11),
`hasoption` int(11),
`thumb_url` text,
`astrict` int(11),
`isfirstcut` decimal(10,2),
`credit` decimal(10,2),
`is_hot` int(11),
`is_time` tinyint(1),
`time_id` int(10),
`datestart` int(11),
`dateend` int(11),
`time_num` int(11),
`time_money` decimal(10,2),
`is_group` tinyint(3),
`groupprice` decimal(10,2),
`groupnum` int(10),
`groupendtime` decimal(10,2),
`isshowgroup` tinyint(3),
`group_num` int(11),
`inco` text,
`share_img` varchar(255),
`share_title` varchar(100),
`share_info` varchar(255),
`orderby` tinyint(3),
`status` tinyint(1),
`totalcnf` int(11),
`commission` decimal(10,2) unsigned,
`commission2` decimal(10,2) unsigned,
`commission3` decimal(10,2) unsigned,
`iscanrefund` tinyint(3),
`goods_cate` text,
PRIMARY KEY (`goods_id`)
) ENGINE=MyISAM DEFAULT CHARSET=utf8;

CREATE TABLE IF NOT EXISTS `ims_mihua_sq_goods_cate` (
`id` int(10) unsigned NOT NULL AUTO_INCREMENT,
`uniacid` int(10) unsigned NOT NULL,
`name` varchar(50),
`thumb` varchar(255) NOT NULL,
`displayorder` tinyint(3) unsigned NOT NULL,
`cate_url` varchar(250),
`shop_id` int(10) unsigned NOT NULL,
PRIMARY KEY (`id`)
) ENGINE=MyISAM DEFAULT CHARSET=utf8;

CREATE TABLE IF NOT EXISTS `ims_mihua_sq_group` (
`id` int(11) NOT NULL AUTO_INCREMENT,
`shop_id` int(11),
`uniacid` int(11),
`gid` int(11),
`uid` int(11),
`status` int(11),
`fullnumber` int(11),
`lastnumber` int(11),
`overtime` int(11),
`createtime` int(11),
`createrid` int(11),
`finishtime` int(11),
`isrefund` tinyint(3),
PRIMARY KEY (`id`)
) ENGINE=MyISAM DEFAULT CHARSET=utf8;

CREATE TABLE IF NOT EXISTS `ims_mihua_sq_info` (
`id` int(10) unsigned NOT NULL AUTO_INCREMENT,
`weid` int(11) NOT NULL,
`mid` smallint(6) NOT NULL,
`openid` varchar(100) NOT NULL,
`nickname` varchar(30) NOT NULL,
`avatar` varchar(155) NOT NULL,
`province` varchar(30) NOT NULL,
`city` varchar(30) NOT NULL,
`district` varchar(30) NOT NULL,
`content` text NOT NULL,
`createtime` int(11) NOT NULL,
`views` int(11) NOT NULL,
`status` tinyint(1) NOT NULL,
`lng` varchar(30) NOT NULL,
`lat` varchar(30) NOT NULL,
`module` smallint(6) NOT NULL,
`isneedpay` tinyint(1) NOT NULL,
`haspay` tinyint(1) NOT NULL,
`isding` tinyint(1) NOT NULL,
`dingtime` int(11) NOT NULL,
`fmid` smallint(6) NOT NULL,
`freshtime` int(11) NOT NULL,
`admin_msg` tinyint(1) NOT NULL,
`msg` tinyint(1) NOT NULL,
`json2ser` tinyint(1) NOT NULL,
PRIMARY KEY (`id`)
) ENGINE=MyISAM DEFAULT CHARSET=utf8;

CREATE TABLE IF NOT EXISTS `ims_mihua_sq_info_comment` (
`comment_id` int(11) NOT NULL AUTO_INCREMENT,
`info_id` int(11),
`parent_id` int(11),
`uniacid` int(11),
`openid` varchar(100) NOT NULL,
`info` varchar(255),
`addtime` int(11) unsigned,
PRIMARY KEY (`comment_id`)
) ENGINE=MyISAM DEFAULT CHARSET=utf8;

CREATE TABLE IF NOT EXISTS `ims_mihua_sq_infoorder` (
`id` int(10) unsigned NOT NULL AUTO_INCREMENT,
`weid` int(10) unsigned NOT NULL,
`from_user` varchar(50) NOT NULL,
`ordersn` varchar(20) NOT NULL,
`price` varchar(10) NOT NULL,
`status` tinyint(4) NOT NULL,
`transid` varchar(30) NOT NULL,
`paydetail` varchar(255) NOT NULL,
`paytype` tinyint(1) NOT NULL,
`createtime` int(10) unsigned NOT NULL,
`message_id` int(11) NOT NULL,
`module` smallint(6) NOT NULL,
PRIMARY KEY (`id`)
) ENGINE=MyISAM DEFAULT CHARSET=utf8;

CREATE TABLE IF NOT EXISTS `ims_mihua_sq_integral` (
`id` int(10) unsigned NOT NULL AUTO_INCREMENT,
`weid` int(11) NOT NULL,
`openid` varchar(100) NOT NULL,
`num` smallint(6) NOT NULL,
`time` int(11) NOT NULL,
`explain` varchar(50) NOT NULL,
`type` tinyint(1),
`message_id` int(11) NOT NULL,
`status` tinyint(3) unsigned,
PRIMARY KEY (`id`)
) ENGINE=MyISAM DEFAULT CHARSET=utf8;

CREATE TABLE IF NOT EXISTS `ims_mihua_sq_member` (
`id` int(10) unsigned NOT NULL AUTO_INCREMENT,
`uniacid` int(11) NOT NULL,
`nickname` varchar(50) NOT NULL,
`avatar` varchar(200) NOT NULL,
`openid` varchar(100) NOT NULL,
`createtime` int(11) NOT NULL,
`telphone` varchar(20) NOT NULL,
`pwd` varchar(50) NOT NULL,
`status` tinyint(1) NOT NULL,
`idcard` char(18) NOT NULL,
`realname` varchar(30) NOT NULL,
`hasrealname` tinyint(1) NOT NULL,
`hasidcard` tinyint(1) NOT NULL,
`gender` varchar(10) NOT NULL,
`isagent` tinyint(1) NOT NULL,
`expirationtime` int(11) NOT NULL,
`province` varchar(50) NOT NULL,
`city` varchar(50) NOT NULL,
`district` varchar(50) NOT NULL,
`logintime` int(11),
`fmid` smallint(6) NOT NULL,
`mid` smallint(6) NOT NULL,
`shareid` int(11),
`flag` tinyint(1),
`flagtime` int(10),
`mobile` varchar(11),
`commission` decimal(10,2) unsigned,
`zhifu` decimal(10,2) unsigned,
`uid` int(11),
`shop_id` int(11),
`unionId` varchar(150),
`wxapp` tinyint(1),
`balance` decimal(10,2),
`msg_id_str` text,
`openid_wxapp` varchar(100),
`lng` varchar(30),
`lat` varchar(30),
PRIMARY KEY (`id`)
) ENGINE=MyISAM DEFAULT CHARSET=utf8;

CREATE TABLE IF NOT EXISTS `ims_mihua_sq_msg` (
`msg_id` int(11) NOT NULL AUTO_INCREMENT,
`msg_title` tinytext,
`msg_content` text,
`status` tinyint(1),
`addtime` int(11),
`add_time` int(11) NOT NULL,
`uniacid` int(11),
`type` tinyint(1),
PRIMARY KEY (`msg_id`)
) ENGINE=InnoDB DEFAULT CHARSET=utf8;

CREATE TABLE IF NOT EXISTS `ims_mihua_sq_mstime` (
`time_id` int(10) unsigned NOT NULL AUTO_INCREMENT,
`uniacid` int(11) NOT NULL,
`timestart` int(11),
`timeend` int(11),
PRIMARY KEY (`time_id`)
) ENGINE=MyISAM DEFAULT CHARSET=utf8;

CREATE TABLE IF NOT EXISTS `ims_mihua_sq_option` (
`id` int(11) NOT NULL AUTO_INCREMENT,
`uniacid` int(11),
`goodsid` int(10),
`title` varchar(50),
`thumb` varchar(60),
`productprice` decimal(10,2),
`marketprice` decimal(10,2),
`costprice` decimal(10,2),
`stock` int(11),
`weight` decimal(10,2),
`displayorder` int(11),
`specs` text,
`virtual` int(11),
`groupprice` decimal(10,2),
`time_money` decimal(10,2),
PRIMARY KEY (`id`),
KEY `indx_goodsid` (`goodsid`),
KEY `indx_displayorder` (`displayorder`)
) ENGINE=MyISAM DEFAULT CHARSET=utf8;

CREATE TABLE IF NOT EXISTS `ims_mihua_sq_order` (
`id` int(10) unsigned NOT NULL AUTO_INCREMENT,
`city_id` int(11),
`uniacid` int(10) unsigned NOT NULL,
`shop_id` int(11),
`gid` int(11),
`openid` varchar(100) NOT NULL,
`ordersn` varchar(20) NOT NULL,
`price` varchar(10) NOT NULL,
`status` tinyint(4) NOT NULL,
`paytype` tinyint(1) unsigned NOT NULL,
`transid` varchar(30) NOT NULL,
`remark` varchar(1000) NOT NULL,
`goodsprice` decimal(10,2),
`createtime` int(10) unsigned NOT NULL,
`paytime` int(11),
`finishtime` int(11),
`verifytime` int(11),
`admin_remark` varchar(1000),
`groupid` int(11),
`ordertype` tinyint(3),
`cardid` int(11),
`cardcutmoney` decimal(10,2),
`iscomplete` tinyint(3),
`refundstatus` tinyint(3),
`canceltime` int(11),
`refundtime` int(11),
`refundmoney` varchar(10),
`addressid` int(11),
`gmessage` tinyint(3),
`userid` int(11),
`ded_money` decimal(10,2),
`deductible` int(11),
`m_status` tinyint(3),
`shareid` int(10) unsigned,
`shareid2` int(10),
`shareid3` int(10),
`xscut` decimal(10,2),
`firstcut` decimal(10,2),
`isremind` tinyint(3),
PRIMARY KEY (`id`)
) ENGINE=MyISAM DEFAULT CHARSET=utf8;

CREATE TABLE IF NOT EXISTS `ims_mihua_sq_order_goods` (
`id` int(10) unsigned NOT NULL AUTO_INCREMENT,
`uniacid` int(10) unsigned NOT NULL,
`shop_id` int(10) unsigned NOT NULL,
`orderid` int(10) unsigned NOT NULL,
`goodsid` int(10) unsigned NOT NULL,
`content` text,
`price` decimal(10,2),
`total` int(10) unsigned NOT NULL,
`optionid` int(10),
`createtime` int(10) unsigned NOT NULL,
`optionname` text,
`verifyopenid` varchar(255),
`qr_code` text,
`commission` decimal(10,2) unsigned,
`commission2` decimal(10,2) unsigned,
`commission3` decimal(10,2) unsigned,
`order_status` tinyint(3),
`refund_id` int(10),
`isverify` tinyint(3),
`verified` tinyint(3),
`verifytime` int(11),
`iscopy` tinyint(3),
`iscomplete` tinyint(3),
`qr_code_str` varchar(100),
PRIMARY KEY (`id`)
) ENGINE=MyISAM DEFAULT CHARSET=utf8;

CREATE TABLE IF NOT EXISTS `ims_mihua_sq_order_record` (
`id` int(11) NOT NULL AUTO_INCREMENT,
`uniacid` int(10) unsigned NOT NULL,
`ordersn` varchar(20) NOT NULL,
`price` float(10,2),
`ogid` int(11),
`shop_id` int(11),
`createtime` int(11),
`iscopy` tinyint(3),
PRIMARY KEY (`id`)
) ENGINE=MyISAM DEFAULT CHARSET=utf8;

CREATE TABLE IF NOT EXISTS `ims_mihua_sq_param` (
`id` int(11) NOT NULL AUTO_INCREMENT,
`uniacid` int(11),
`goodsid` int(10),
`title` varchar(50),
`value` text,
`displayorder` int(11),
PRIMARY KEY (`id`),
KEY `indx_goodsid` (`goodsid`),
KEY `indx_displayorder` (`displayorder`)
) ENGINE=MyISAM DEFAULT CHARSET=utf8;

CREATE TABLE IF NOT EXISTS `ims_mihua_sq_qiandao` (
`qiandao_id` int(11) NOT NULL AUTO_INCREMENT,
`uid` int(11),
`timestr` char(12),
PRIMARY KEY (`qiandao_id`)
) ENGINE=InnoDB DEFAULT CHARSET=utf8;

CREATE TABLE IF NOT EXISTS `ims_mihua_sq_redmsg` (
`id` int(10) unsigned NOT NULL AUTO_INCREMENT,
`red_id` int(10),
`uniacid` int(11) NOT NULL,
`nickname` varchar(50) NOT NULL,
`openid` varchar(100) NOT NULL,
`status` tinyint(2),
PRIMARY KEY (`id`)
) ENGINE=MyISAM DEFAULT CHARSET=utf8;

CREATE TABLE IF NOT EXISTS `ims_mihua_sq_redpackage` (
`red_id` int(11) NOT NULL AUTO_INCREMENT,
`openid` varchar(50) NOT NULL,
`uniacid` int(11),
`mid` int(11),
`city_id` int(11),
`distance` int(11),
`lng` varchar(15),
`lat` varchar(15),
`model` tinyint(1),
`total_amount` decimal(10,2) NOT NULL,
`total_num` int(11) NOT NULL,
`send_num` int(11),
`allocation_way` int(1),
`rob_plan` mediumtext NOT NULL,
`total_pay` decimal(10,2),
`ordersn` varchar(30),
`status` tinyint(1) NOT NULL,
`content` mediumtext,
`xsthumb` text,
`create_time` int(11) NOT NULL,
`kouling` varchar(255) NOT NULL,
`city` varchar(50),
`json` tinyint(1) NOT NULL,
PRIMARY KEY (`red_id`),
UNIQUE KEY `id` (`red_id`)
) ENGINE=MyISAM DEFAULT CHARSET=utf8;

CREATE TABLE IF NOT EXISTS `ims_mihua_sq_refund` (
`id` int(10) unsigned NOT NULL AUTO_INCREMENT,
`uniacid` int(10) unsigned NOT NULL,
`shop_id` int(11),
`from_user` varchar(50) NOT NULL,
`goodsid` int(11) NOT NULL,
`ogid` int(10),
`applytime` int(10),
`resulttime` int(10),
`remark` varchar(200),
`money` decimal(10,2),
`type` tinyint(1),
`resean` text,
`ordersn` varchar(20) NOT NULL,
`expresscom` varchar(30),
`expresssn` varchar(50),
`express` varchar(50),
`expresstime` int(10),
`addressid` int(11),
`refundtime` int(11),
`back_remark` varchar(200),
PRIMARY KEY (`id`)
) ENGINE=MyISAM DEFAULT CHARSET=utf8;

CREATE TABLE IF NOT EXISTS `ims_mihua_sq_refund_address` (
`id` int(10) unsigned NOT NULL AUTO_INCREMENT,
`uniacid` int(10) unsigned NOT NULL,
`man` varchar(30),
`mobile` varchar(20),
`address` varchar(30),
PRIMARY KEY (`id`)
) ENGINE=MyISAM DEFAULT CHARSET=utf8;

CREATE TABLE IF NOT EXISTS `ims_mihua_sq_ring` (
`ring_id` int(11) NOT NULL AUTO_INCREMENT,
`topic_id` int(11),
`uniacid` int(11),
`city_id` int(11),
`openid` varchar(100) NOT NULL,
`mid` int(11),
`addtime` int(11) unsigned,
`info` varchar(1000),
`lng` varchar(15),
`lat` varchar(15),
`xsthumb` varchar(255),
`json` tinyint(1) NOT NULL,
PRIMARY KEY (`ring_id`)
) ENGINE=MyISAM DEFAULT CHARSET=utf8;

CREATE TABLE IF NOT EXISTS `ims_mihua_sq_ring_zan` (
`zan_id` int(11) NOT NULL AUTO_INCREMENT,
`ring_id` int(11),
`uniacid` int(11),
`openid` varchar(100) NOT NULL,
`zan_type` tinyint(1),
`info` varchar(255),
`addtime` int(11) unsigned,
`json` tinyint(1) NOT NULL,
PRIMARY KEY (`zan_id`)
) ENGINE=MyISAM DEFAULT CHARSET=utf8;

CREATE TABLE IF NOT EXISTS `ims_mihua_sq_sensitiveword` (
`word_id` int(11) NOT NULL AUTO_INCREMENT,
`uniacid` int(10) unsigned NOT NULL,
`sensitiveword` text,
`replace` text,
`type` tinyint(1),
`contract` text,
PRIMARY KEY (`word_id`)
) ENGINE=MyISAM DEFAULT CHARSET=utf8;

CREATE TABLE IF NOT EXISTS `ims_mihua_sq_share_history` (
`sharemid` int(11),
`uniacid` int(11),
`from_user` varchar(50),
`id` int(11) NOT NULL AUTO_INCREMENT,
`joinway` tinyint(3) unsigned NOT NULL,
PRIMARY KEY (`id`)
) ENGINE=MyISAM DEFAULT CHARSET=utf8;

CREATE TABLE IF NOT EXISTS `ims_mihua_sq_shop` (
`shop_id` int(11) unsigned NOT NULL AUTO_INCREMENT,
`uniacid` int(11),
`shop_name` varchar(64),
`city_id` int(11),
`area_id` int(11),
`business_id` int(11),
`pcate_id` int(11),
`ccate_id` int(11),
`openid` int(11),
`lng` varchar(32),
`lat` varchar(32),
`is_open` tinyint(1),
`fan_money` int(10),
`is_new` tinyint(1),
`dp` decimal(10,2),
`month_num` int(10),
`rate` int(11),
`orderby` tinyint(3),
`status` tinyint(3) unsigned,
`logo` varchar(255),
`shop_cert` varchar(255),
`bgpic` varchar(255),
`intro` varchar(1024),
`telphone` varchar(20),
`manage` varchar(20),
`address` varchar(255),
`inco` text,
`starttime` int(11) unsigned,
`is_hot` tinyint(1),
`is_group` tinyint(1),
`is_discount` tinyint(1),
`is_time` tinyint(1),
`opendtime` int(11) unsigned,
`closetime` int(11) unsigned,
`renjun` decimal(10,2),
`balance` decimal(10,2),
`mid` int(11),
`qr_code` text,
`address_detail` varchar(255),
`endtime` int(11) unsigned,
PRIMARY KEY (`shop_id`)
) ENGINE=MyISAM DEFAULT CHARSET=utf8;

CREATE TABLE IF NOT EXISTS `ims_mihua_sq_shop_admin` (
`admin_id` int(11) NOT NULL AUTO_INCREMENT,
`uniacid` int(11),
`shop_id` int(11),
`group_id` int(11),
`admin_name` varchar(100),
`nickname` varchar(100),
`passport` varchar(50),
`password` varchar(200),
`avatar` varchar(200),
`openid` varchar(100) NOT NULL,
`addtime` int(11),
`admin_type` tinyint(1),
`status` tinyint(1),
`msg_flag` tinyint(1),
`mobile` char(15),
`salt` char(20),
`admin_uid` int(11),
`msg_id_str` text,
`customer` tinyint(1),
PRIMARY KEY (`admin_id`)
) ENGINE=MyISAM DEFAULT CHARSET=utf8;

CREATE TABLE IF NOT EXISTS `ims_mihua_sq_shop_apply` (
`aplly_id` int(11) unsigned NOT NULL AUTO_INCREMENT,
`shop_id` int(11) unsigned NOT NULL,
`uniacid` int(11),
`applytime` int(11) unsigned,
`f_type` tinyint(3),
`mid` int(11),
PRIMARY KEY (`aplly_id`)
) ENGINE=MyISAM DEFAULT CHARSET=utf8;

CREATE TABLE IF NOT EXISTS `ims_mihua_sq_shop_cate` (
`cate_id` int(10) unsigned NOT NULL AUTO_INCREMENT,
`uniacid` int(11),
`cate_name` varchar(32),
`parent_id` int(11),
`orderby` tinyint(3),
`is_hot` tinyint(1),
`title` varchar(128),
`thumb` varchar(255),
`cate_url` varchar(255),
`cate_type` tinyint(1),
PRIMARY KEY (`cate_id`)
) ENGINE=MyISAM DEFAULT CHARSET=utf8;

CREATE TABLE IF NOT EXISTS `ims_mihua_sq_shop_cfg` (
`id` int(11) NOT NULL AUTO_INCREMENT,
`uniacid` int(10) unsigned NOT NULL,
`shop_id` int(11),
`cfg` text,
PRIMARY KEY (`id`)
) ENGINE=MyISAM DEFAULT CHARSET=utf8;

CREATE TABLE IF NOT EXISTS `ims_mihua_sq_shop_renew` (
`id` int(11) NOT NULL AUTO_INCREMENT,
`uniacid` int(10) unsigned NOT NULL,
`price` float(10,2),
`shop_id` int(11),
`mid` int(11),
`createtime` int(11),
`starttime` int(11),
`endtime` int(11),
`type` tinyint(3),
`ordersn` varchar(20),
`status` tinyint(2),
`paytype` tinyint(1),
`flag` tinyint(2),
PRIMARY KEY (`id`)
) ENGINE=MyISAM DEFAULT CHARSET=utf8;

CREATE TABLE IF NOT EXISTS `ims_mihua_sq_shop_user` (
`id` int(11) NOT NULL AUTO_INCREMENT,
`uniacid` int(10),
`shop_id` int(11),
`mid` int(11),
PRIMARY KEY (`id`)
) ENGINE=MyISAM DEFAULT CHARSET=utf8;

CREATE TABLE IF NOT EXISTS `ims_mihua_sq_shopinorder` (
`id` int(10) unsigned NOT NULL AUTO_INCREMENT,
`weid` int(10) unsigned NOT NULL,
`from_user` varchar(50) NOT NULL,
`ordersn` varchar(20) NOT NULL,
`price` varchar(10) NOT NULL,
`status` tinyint(4) NOT NULL,
`transid` varchar(30) NOT NULL,
`paydetail` varchar(255) NOT NULL,
`createtime` int(10) unsigned NOT NULL,
PRIMARY KEY (`id`)
) ENGINE=MyISAM DEFAULT CHARSET=utf8;

CREATE TABLE IF NOT EXISTS `ims_mihua_sq_spec` (
`id` int(10) unsigned NOT NULL AUTO_INCREMENT,
`uniacid` int(10) unsigned NOT NULL,
`title` varchar(50) NOT NULL,
`description` varchar(1000) NOT NULL,
`displaytype` tinyint(3) unsigned NOT NULL,
`content` text NOT NULL,
`goodsid` int(11),
`displayorder` int(11),
PRIMARY KEY (`id`)
) ENGINE=MyISAM DEFAULT CHARSET=utf8;

CREATE TABLE IF NOT EXISTS `ims_mihua_sq_spec_item` (
`id` int(11) NOT NULL AUTO_INCREMENT,
`uniacid` int(11),
`specid` int(11),
`title` varchar(255),
`thumb` varchar(255),
`show` int(11),
`displayorder` int(11),
PRIMARY KEY (`id`),
KEY `indx_uniacid` (`uniacid`),
KEY `indx_specid` (`specid`),
KEY `indx_show` (`show`),
KEY `indx_displayorder` (`displayorder`)
) ENGINE=MyISAM DEFAULT CHARSET=utf8;

CREATE TABLE IF NOT EXISTS `ims_mihua_sq_topic` (
`topic_id` int(11) NOT NULL AUTO_INCREMENT,
`uniacid` int(11),
`starttime` int(11) unsigned,
`endtime` int(11) unsigned,
`topic_name` varchar(64),
`intro` varchar(255),
`city_id` smallint(5),
`area_id` smallint(5),
`thumb` varchar(255),
PRIMARY KEY (`topic_id`)
) ENGINE=MyISAM DEFAULT CHARSET=utf8;

CREATE TABLE IF NOT EXISTS `ims_mihua_sq_tpl` (
`id` int(11) NOT NULL AUTO_INCREMENT,
`tplbh` varchar(50) NOT NULL,
`tpl_id` varchar(80),
`tpl_title` varchar(20),
`tpl_key` varchar(500),
`tpl_example` varchar(500),
`uniacid` int(5),
`adv` varchar(500),
PRIMARY KEY (`id`)
) ENGINE=MyISAM DEFAULT CHARSET=utf8;

CREATE TABLE IF NOT EXISTS `ims_mihua_sq_user_setting` (
`id` int(10) unsigned NOT NULL AUTO_INCREMENT,
`mid` int(10),
`uniacid` int(11) NOT NULL,
`red_msg` tinyint(1),
`footer` tinyint(1),
PRIMARY KEY (`id`)
) ENGINE=MyISAM DEFAULT CHARSET=utf8;

CREATE TABLE IF NOT EXISTS `ims_mihua_sq_userdiscount` (
`id` int(11) NOT NULL AUTO_INCREMENT,
`shop_id` int(11),
`uniacid` int(11),
`cardid` int(11),
`userid` int(11),
`openid` varchar(64),
`status` tinyint(3),
`overtime` int(11),
`taketime` int(11),
`usetime` int(11),
PRIMARY KEY (`id`)
) ENGINE=MyISAM DEFAULT CHARSET=utf8;

CREATE TABLE IF NOT EXISTS `ims_mihua_sq_waitmessage` (
`id` int(11) NOT NULL AUTO_INCREMENT,
`uniacid` int(11),
`type` tinyint(3),
`str` varchar(64),
PRIMARY KEY (`id`)
) ENGINE=MyISAM DEFAULT CHARSET=utf8;

CREATE TABLE IF NOT EXISTS `ims_mihua_sq_zdorder` (
`id` int(10) unsigned NOT NULL AUTO_INCREMENT,
`weid` int(10) unsigned NOT NULL,
`from_user` varchar(50) NOT NULL,
`ordersn` varchar(40) NOT NULL,
`price` varchar(10) NOT NULL,
`status` tinyint(4) NOT NULL,
`transid` varchar(30) NOT NULL,
`paydetail` varchar(255) NOT NULL,
`paytype` tinyint(1) NOT NULL,
`createtime` int(10) unsigned NOT NULL,
`message_id` int(11) NOT NULL,
`module` smallint(6) NOT NULL,
`days` int(11) NOT NULL,
PRIMARY KEY (`id`)
) ENGINE=MyISAM DEFAULT CHARSET=utf8;

]]></install>
	<uninstall><![CDATA[DROP TABLE IF EXISTS `ims_mihua_hotel_type`;
DROP TABLE IF EXISTS `ims_mihua_sq_account`;
DROP TABLE IF EXISTS `ims_mihua_sq_address`;
DROP TABLE IF EXISTS `ims_mihua_sq_admin`;
DROP TABLE IF EXISTS `ims_mihua_sq_adv`;
DROP TABLE IF EXISTS `ims_mihua_sq_area`;
DROP TABLE IF EXISTS `ims_mihua_sq_balance`;
DROP TABLE IF EXISTS `ims_mihua_sq_black`;
DROP TABLE IF EXISTS `ims_mihua_sq_cart`;
DROP TABLE IF EXISTS `ims_mihua_sq_cash`;
DROP TABLE IF EXISTS `ims_mihua_sq_channel`;
DROP TABLE IF EXISTS `ims_mihua_sq_chat`;
DROP TABLE IF EXISTS `ims_mihua_sq_city`;
DROP TABLE IF EXISTS `ims_mihua_sq_citys`;
DROP TABLE IF EXISTS `ims_mihua_sq_collect`;
DROP TABLE IF EXISTS `ims_mihua_sq_comment`;
DROP TABLE IF EXISTS `ims_mihua_sq_discount`;
DROP TABLE IF EXISTS `ims_mihua_sq_discount_record`;
DROP TABLE IF EXISTS `ims_mihua_sq_fields`;
DROP TABLE IF EXISTS `ims_mihua_sq_footmark`;
DROP TABLE IF EXISTS `ims_mihua_sq_get_redpackage`;
DROP TABLE IF EXISTS `ims_mihua_sq_goods`;
DROP TABLE IF EXISTS `ims_mihua_sq_goods_cate`;
DROP TABLE IF EXISTS `ims_mihua_sq_group`;
DROP TABLE IF EXISTS `ims_mihua_sq_info`;
DROP TABLE IF EXISTS `ims_mihua_sq_info_comment`;
DROP TABLE IF EXISTS `ims_mihua_sq_infoorder`;
DROP TABLE IF EXISTS `ims_mihua_sq_integral`;
DROP TABLE IF EXISTS `ims_mihua_sq_member`;
DROP TABLE IF EXISTS `ims_mihua_sq_msg`;
DROP TABLE IF EXISTS `ims_mihua_sq_mstime`;
DROP TABLE IF EXISTS `ims_mihua_sq_option`;
DROP TABLE IF EXISTS `ims_mihua_sq_order`;
DROP TABLE IF EXISTS `ims_mihua_sq_order_goods`;
DROP TABLE IF EXISTS `ims_mihua_sq_order_record`;
DROP TABLE IF EXISTS `ims_mihua_sq_param`;
DROP TABLE IF EXISTS `ims_mihua_sq_qiandao`;
DROP TABLE IF EXISTS `ims_mihua_sq_redmsg`;
DROP TABLE IF EXISTS `ims_mihua_sq_redpackage`;
DROP TABLE IF EXISTS `ims_mihua_sq_refund`;
DROP TABLE IF EXISTS `ims_mihua_sq_refund_address`;
DROP TABLE IF EXISTS `ims_mihua_sq_ring`;
DROP TABLE IF EXISTS `ims_mihua_sq_ring_zan`;
DROP TABLE IF EXISTS `ims_mihua_sq_sensitiveword`;
DROP TABLE IF EXISTS `ims_mihua_sq_share_history`;
DROP TABLE IF EXISTS `ims_mihua_sq_shop`;
DROP TABLE IF EXISTS `ims_mihua_sq_shop_admin`;
DROP TABLE IF EXISTS `ims_mihua_sq_shop_apply`;
DROP TABLE IF EXISTS `ims_mihua_sq_shop_cate`;
DROP TABLE IF EXISTS `ims_mihua_sq_shop_cfg`;
DROP TABLE IF EXISTS `ims_mihua_sq_shop_renew`;
DROP TABLE IF EXISTS `ims_mihua_sq_shop_user`;
DROP TABLE IF EXISTS `ims_mihua_sq_shopinorder`;
DROP TABLE IF EXISTS `ims_mihua_sq_spec`;
DROP TABLE IF EXISTS `ims_mihua_sq_spec_item`;
DROP TABLE IF EXISTS `ims_mihua_sq_topic`;
DROP TABLE IF EXISTS `ims_mihua_sq_tpl`;
DROP TABLE IF EXISTS `ims_mihua_sq_user_setting`;
DROP TABLE IF EXISTS `ims_mihua_sq_userdiscount`;
DROP TABLE IF EXISTS `ims_mihua_sq_waitmessage`;
DROP TABLE IF EXISTS `ims_mihua_sq_zdorder`;
]]></uninstall>
	<upgrade><![CDATA[]]></upgrade>
</manifest>