{
	"description": "项目配置文件。",
	"setting": {
		"urlCheck": true,
		"es6": true,
		"postcss": true,
		"minified": true,
		"newFeature": true
	},
	"compileType": "miniprogram",
	"libVersion": "1.9.94",
	"appid": "wxa70563fc89363f3a",
	"projectname": "8.5%20%20%E5%B7%A6%E6%AD%8C%E7%A7%91%E6%8A%80%E6%8F%90%E4%BE%9B%20QQ%EF%BC%9A525094890",
	"condition": {
		"search": {
			"current": -1,
			"list": []
		},
		"conversation": {
			"current": -1,
			"list": []
		},
		"miniprogram": {
			"current": -1,
			"list": []
		}
	}
}