<?xml version="1.0" encoding="utf-8"?>
<manifest xmlns="QQ：525094890" versionCode="0.6,0.7,0.8,1.0">
	<application setting="false">
		<name><![CDATA[志汇-同城微圈小程序 QQqun：576369389]></name>
		<identifie><![CDATA[zh_tcwq]]></identifie>
		<version><![CDATA[8.5]]></version>
		<type><![CDATA[services]]></type>
		<ability><![CDATA[志汇-同城微圈 QQqun：576369389 小程序]]></ability>
		<description><![CDATA[ QQqun：576369389 ]]></description>
		<author><![CDATA[]]></author>
		<url><![CDATA[  ]]></url>
	</application>
	<platform>
		<subscribes>
		</subscribes>
		<handles>
		</handles>
		<rule embed="false" />
		<card embed="false" />
		<supports>
		<item type="wxapp" />
		</supports>
	</platform>
	<bindings>
	</bindings>
	<permissions>
	</permissions>
	<install><![CDATA[do_install.php]]></install>
	<uninstall><![CDATA[do_uninstall.php]]></uninstall>
	<upgrade><![CDATA[do_upgrade.php]]></upgrade>
</manifest>