[{"path":"\/admin\/common\/attachurl.php","checksum":"cf1acb2c20d781ea199feaa9fc9d48bc"},{"path":"\/admin\/common\/bootstrap.sys.inc.php","checksum":"cd295a69bd937bd300df145e27fb049d"},{"path":"\/admin\/common\/common.func.php","checksum":"69a128b9de3511db5afaf7e5213175c4"},{"path":"\/admin\/common\/template.func.php","checksum":"97a1679b0ccc680861154586aa3b027d"},{"path":"\/admin\/index.php","checksum":"302708c90f63d55c98967db5e421c936"},{"path":"\/admin\/source\/site\/entry.ctrl.php","checksum":"0e8927b5771eb1d011fc81959d28cc83"},{"path":"\/admin\/source\/user\/login.ctrl.php","checksum":"c35eb39c6c9f201bfd7bb5559d15eeba"},{"path":"\/admin\/source\/user\/logout.ctrl.php","checksum":"e1b37433f6d4e39436ae6c40b2fb0693"},{"path":"\/admin\/source\/utility\/__init.php","checksum":"221f9122c03c4212bed97e8e004202db"},{"path":"\/admin\/themes\/default\/common\/footer-base.html","checksum":"321ce2705a34828f9b5d993c100e8b2b"},{"path":"\/admin\/themes\/default\/common\/footer-cms.html","checksum":"62fa97e9bc35149414a517b614731d7d"},{"path":"\/admin\/themes\/default\/common\/footer-gw.html","checksum":"7be96e41f312738c4ade0d7037a159eb"},{"path":"\/admin\/themes\/default\/common\/footer.html","checksum":"acc3889ecf78a1f4923605214473fa49"},{"path":"\/admin\/themes\/default\/common\/header-base.html","checksum":"aaefbb899d98ee6ac0837c6682a6a6c2"},{"path":"\/admin\/themes\/default\/common\/header-cms.html","checksum":"7517903eef4b0075475b56afc3135397"},{"path":"\/admin\/themes\/default\/common\/header-gw.html","checksum":"91157a802f354b51983c1be14e7286ca"},{"path":"\/admin\/themes\/default\/common\/header.html","checksum":"e3a8caa9186541227a222544437b398e"},{"path":"\/admin\/themes\/default\/common\/message.html","checksum":"0bdc44ca6eb4f30694e0dacac846ea94"},{"path":"\/admin\/themes\/default\/user\/login.html","checksum":"368e9decca17d16edae189d9cb2db203"},{"path":"\/bgtu.jpg","checksum":"0be0f42f488a323a570b5ea25f97ac4e"},{"path":"\/cert\/WxPay.Api.php","checksum":"1044438489e73f796d2afab373d663bd"},{"path":"\/cert\/WxPay.Data.php","checksum":"4d1288c9f4aed61ef2776e8fead2ca7d"},{"path":"\/cert\/WxPay.Exception.php","checksum":"3c91aa9d135f12a089646fbaab157ee0"},{"path":"\/cert\/WxPay.Notify.php","checksum":"c6d58a5bc01c1b14ef2bb2c878da408f"},{"path":"\/cert\/apiclient_cert_33.pem","checksum":"606a806b50b80344bbad74ad42f64e6c"},{"path":"\/cert\/apiclient_key_33.pem","checksum":"37f5e08963d758562d7f682bd1e7b116"},{"path":"\/cert\/rootca.pem","checksum":"de1bea14ffdef01e41a0e8e4fa4c1b49"},{"path":"\/developer.cer","checksum":"d0f752b2fb26e2c2e259b069020127e9"},{"path":"\/errorCode.php","checksum":"d9eb8e7a60d7d43d7a3ca80d55cad2ce"},{"path":"\/hong.php","checksum":"c426191d95d99efdf8b90ade6ee09dd9"},{"path":"\/token_image\/2018\/04\/08\/1523164439_5ac9a51792edd_7426.png","checksum":"4cfdac101aaa29321b5a6a6d319d8cab"},{"path":"\/inc\/func\/core.php","checksum":"fb5ae544e589a95b6e1d7e5fdec516d5"},{"path":"\/inc\/upload\/tcsj.jpeg","checksum":"9c873d677c8c4d7ff016e6f03eaf8abf"},{"path":"\/inc\/upload\/tcsj19.jpeg","checksum":"2cd8b1e71e9aec4fdcfe823c881c11c4"},{"path":"\/inc\/upload\/tcsj20.jpeg","checksum":"7ab6391682d71b3a1901edcc2fee5706"},{"path":"\/inc\/upload\/tcsj21.jpeg","checksum":"c927b151592ce61e5d87889c5566fd0d"},{"path":"\/inc\/upload\/tcsj32..jpeg","checksum":"c68b00ca680ad2515e82aa5c1203d100"},{"path":"\/inc\/upload\/tcsj32.jpeg","checksum":"e85518f58e153dd59ab2dea8cc50b751"},{"path":"\/inc\/upload\/tcsj33.jpeg","checksum":"664f67e46afcff3e6b8a6e5849c2ea7c"},{"path":"\/inc\/upload\/tcsj34.jpeg","checksum":"2edeea977b5c6bdd5154842da84fae8d"},{"path":"\/inc\/upload\/tcsj35.jpeg","checksum":"a0be030b37d5cdda76f837f897a175de"},{"path":"\/inc\/upload\/tcsj36.jpeg","checksum":"e8fe981d18e2e05b475ed7ccb989cb3e"},{"path":"\/inc\/upload\/tcsj37.jpeg","checksum":"a484aab6b894004ea7156faa548a4b83"},{"path":"\/inc\/upload\/tcsj39.jpeg","checksum":"2acc76228176af1fa6fd649fddaf74a1"},{"path":"\/inc\/upload\/tcsj41.jpeg","checksum":"3804bd2644f53afadd02608a42cb255a"},{"path":"\/inc\/upload\/tcsj44.jpeg","checksum":"a8fd230ad2b9c40fa4de20403ff6e18a"},{"path":"\/inc\/upload\/tcsj46.jpeg","checksum":"1bff009278c7557526e9c11a92e4f5f3"},{"path":"\/inc\/upload\/tcsj58.jpeg","checksum":"4bad943623a61e3a32f84b31dfdc7dbc"},{"path":"\/inc\/upload\/tcsj59.jpeg","checksum":"67437671f6e24fbfc262c8e1b4479e91"},{"path":"\/inc\/upload\/tcsj60.jpeg","checksum":"9127131808b37b4f3018792c898b245c"},{"path":"\/inc\/upload\/tcsj62.jpeg","checksum":"dbb8fdef4e1a020fd08a7a9fb4bf0e6a"},{"path":"\/inc\/upload\/tcsj63.jpeg","checksum":"207176ea4caab8439a2c332719e4f564"},{"path":"\/inc\/upload\/tcsj64.jpeg","checksum":"30b1c5dc6bd694932809baad6ab44370"},{"path":"\/inc\/upload\/tcsj65.jpeg","checksum":"b887a764df3a1599dd7e9ce2d8db951a"},{"path":"\/inc\/upload\/tcsj66.jpeg","checksum":"69cf148391cecb7f0c9fc0ebb84dc1d1"},{"path":"\/inc\/upload\/tcsj68.jpeg","checksum":"ec9b45138bae60b7155ff0cda27a415e"},{"path":"\/inc\/upload\/tcsj70.jpeg","checksum":"acb94019ab22a1c5c827f1323313d053"},{"path":"\/inc\/upload\/tcsj71.jpeg","checksum":"79ad5b8aa9d51505fe5067d11255262e"},{"path":"\/inc\/upload\/tcsj72.jpeg","checksum":"17164ce53c37073618fd97f5eefe38ce"},{"path":"\/inc\/upload\/tcsj74.jpeg","checksum":"c51407275e43d113cd31aaec31dfdb9a"},{"path":"\/inc\/upload\/tcsj75.jpeg","checksum":"6be193b8f30de40cd90db01b2495dd6d"},{"path":"\/inc\/upload\/tcsj79.jpeg","checksum":"694de0c50061452e4ae1fb93fa064a1e"},{"path":"\/inc\/upload\/tcsj80.jpeg","checksum":"e3b9a2cf400b3694147e691fb5b69284"},{"path":"\/inc\/upload\/tcsj81.jpeg","checksum":"00cedee7e6721d7e3d86ccfee0b78440"},{"path":"\/inc\/upload\/tcsj84.jpeg","checksum":"0bdefab2b271703dc3d11afab32596b0"},{"path":"\/inc\/upload\/tcsj86.jpeg","checksum":"0b3913ef3139d7732c65916cd7468c65"},{"path":"\/inc\/upload\/tcsj88.jpeg","checksum":"82f4221e5802a5004f7617b763641f8c"},{"path":"\/inc\/upload\/tcsj90.jpeg","checksum":"326b3811cf1c3df50b8204bd78d4283a"},{"path":"\/inc\/upload\/tcsj92.jpeg","checksum":"11ac71de0533d16760bd80d07b557c6f"},{"path":"\/inc\/upload\/tcsj93.jpeg","checksum":"9a976a40190f52672b433064b813ccf6"},{"path":"\/inc\/upload\/tcsj94.jpeg","checksum":"bbb9408a4a1083a506e2601f8d12dc80"},{"path":"\/inc\/upload\/tcsj96.jpeg","checksum":"a28378e515438be44a3b89502b1b2150"},{"path":"\/inc\/upload\/tcsj97.jpeg","checksum":"cad804b07b24ec49d56f21ecf3ee8d97"},{"path":"\/inc\/upload\/tcsj98.jpeg","checksum":"0e8d8686aa9a7653d1382d54314672b0"},{"path":"\/inc\/upload\/tcsjundefined.jpeg","checksum":"901a68dfbdcb0caee143b5d7ca4edcdd"},{"path":"\/inc\/web\/account.inc.php","checksum":"8a4b45c725b9e4cc183b819a823f800c"},{"path":"\/inc\/web\/acthx.inc.php","checksum":"5dc1fffb6cda441dec70191ffa76d550"},{"path":"\/inc\/web\/activity.inc.php","checksum":"67bab0c8c01348ce57ad34da408518a6"},{"path":"\/inc\/web\/activityset.inc.php","checksum":"6d3c651f767784373c6c83d36485788a"},{"path":"\/inc\/web\/acttype.inc.php","checksum":"b1fa3d2c1443674679f6b086f16d6970"},{"path":"\/inc\/web\/ad.inc.php","checksum":"63bad507b0b95298801d4dd75d98c997"},{"path":"\/inc\/web\/addacthx.inc.php","checksum":"1d26665846812a2184c1a19559b8b7d5"},{"path":"\/inc\/web\/addactivity.inc.php","checksum":"836171448e041134a797c5a9983ecb75"},{"path":"\/inc\/web\/addacttype.inc.php","checksum":"7cf61114355b4abcc2dc791b1b917e79"},{"path":"\/inc\/web\/addad.inc.php","checksum":"c0d63b32f5efac8150086dece201d8d3"},{"path":"\/inc\/web\/addarea.inc.php","checksum":"9f38197b2b4f467105e1ab95610a06a3"},{"path":"\/inc\/web\/addattribute.inc.php","checksum":"4a9f4c149d1f8835c2a72394663db259"},{"path":"\/inc\/web\/addcarset.inc.php","checksum":"65aa1b88c866c84e2add17fe792ff787"},{"path":"\/inc\/web\/addin.inc.php","checksum":"0ff5233ecebbf6f67484c1f1681f3ba7"},{"path":"\/inc\/web\/addinformation.inc.php","checksum":"ccd490788d53b955bd07362efee6ba48"},{"path":"\/inc\/web\/addinquiry.inc.php","checksum":"c9e76392e16addb34f0d3f7a6d0386b7"},{"path":"\/inc\/web\/addjfgoods.inc.php","checksum":"08b5c1a24f625df3f53f3247e398a1c7"},{"path":"\/inc\/web\/addjftype.inc.php","checksum":"90c695b7e8e79762c2dff6b30e0425b6"},{"path":"\/inc\/web\/addlabel.inc.php","checksum":"d04d83672ac46b31b92a3423f6850f96"},{"path":"\/inc\/web\/addlevel.inc.php","checksum":"550b4b50ae44c3d2646339a6c9caf1fb"},{"path":"\/inc\/web\/addnav.inc.php","checksum":"f4ec5392f8714e569168be5a4b519947"},{"path":"\/inc\/web\/addnews.inc.php","checksum":"bf71d4e1ac6aa0bcb85aaded0e074229"},{"path":"\/inc\/web\/addstoretype.inc.php","checksum":"c5af8d6aae9015c69774be6b7d25755f"},{"path":"\/inc\/web\/addstoretype2.inc.php","checksum":"0154894c137e13e12305a2701218aeff"},{"path":"\/inc\/web\/addstoretypead.inc.php","checksum":"aa557205e920fbed2335eaffe8764ee9"},{"path":"\/inc\/web\/addtag.inc.php","checksum":"fb653d4fa991eb28e6ef673628fab731"},{"path":"\/inc\/web\/addtop.inc.php","checksum":"fff6d2f8a665f94350114c6d9587cd8a"},{"path":"\/inc\/web\/addtype.inc.php","checksum":"e9ec35961e42ce5f32f637644cb0d634"},{"path":"\/inc\/web\/addtype2.inc.php","checksum":"1b573c491a81529f8c7a7ac938647a81"},{"path":"\/inc\/web\/addvideo.inc.php","checksum":"fa2bcd8e60469a7ea3e34c5847c75827"},{"path":"\/inc\/web\/addvideotype.inc.php","checksum":"5ae9e73ba1117c9ec64d72620c734e58"},{"path":"\/inc\/web\/addyellowset.inc.php","checksum":"5bbf88a0ec28ac23aee951f5b71565fd"},{"path":"\/inc\/web\/addyellowstore.inc.php","checksum":"1cead04ef228887d4758f2486826671c"},{"path":"\/inc\/web\/addyellowtype.inc.php","checksum":"ad02e798243135ee843860f91eff6f12"},{"path":"\/inc\/web\/addyellowtype2.inc.php","checksum":"c667692ba89a986dcbf704d162e00751"},{"path":"\/inc\/web\/addzx.inc.php","checksum":"232bdbfa8485231ea995471e9adda30b"},{"path":"\/inc\/web\/addzxtype.inc.php","checksum":"ebead4cca27bb9a03c7184eef3650943"},{"path":"\/inc\/web\/area.inc.php","checksum":"300c3498b0504499ec2e915d985c50ec"},{"path":"\/inc\/web\/attribute.inc.php","checksum":"efcc3ea3a6c8aabceffd81f5d630cfae"},{"path":"\/inc\/web\/carcheck.inc.php","checksum":"79f30f8f0ce7d6671ec0501f48cafde1"},{"path":"\/inc\/web\/carinfo.inc.php","checksum":"a8732a9f194c50fcc6e39ac4844864f0"},{"path":"\/inc\/web\/caropen.inc.php","checksum":"c1dabeb843747c0d9d235d911a5626ad"},{"path":"\/inc\/web\/carset.inc.php","checksum":"34e31d6da16aaf046bb72ae004a30320"},{"path":"\/inc\/web\/commission.inc.php","checksum":"a40d582880745030c3513f68bfd73028"},{"path":"\/inc\/web\/copyright.inc.php","checksum":"89542f277422269e9bc41a7a8ecc7dce"},{"path":"\/inc\/web\/countadd.inc.php","checksum":"e7d9a214282b7b82b73e546de779e0b2"},{"path":"\/inc\/web\/ddgl.inc.php","checksum":"59e090ee59b7c82034310f3839f2e7b3"},{"path":"\/inc\/web\/dlinad.inc.php","checksum":"b49c92946430684ede9c3a062b51a3ad"},{"path":"\/inc\/web\/dlinaddad.inc.php","checksum":"8b114c4031baae5ccadefa07ebe43e03"},{"path":"\/inc\/web\/dlinaddinformation.inc.php","checksum":"ac85fc3a4b22b3c4c6a771a32aacd23b"},{"path":"\/inc\/web\/dlinaddnews.inc.php","checksum":"5ecb8bddfab5038dbfd9259079968d16"},{"path":"\/inc\/web\/dlinaddyellowstore.inc.php","checksum":"ddca6ebb68ed277dbf99a6d010f39e75"},{"path":"\/inc\/web\/dlinaddzx.inc.php","checksum":"54242c67ebf79ccb8430418c9a149888"},{"path":"\/inc\/web\/dlincarinfo.inc.php","checksum":"46699a32eaf43d08ab3c4a21c71012fd"},{"path":"\/inc\/web\/dlingoods.inc.php","checksum":"978eba09957f10e8190adf3909be59b2"},{"path":"\/inc\/web\/dlingoodsinfo.inc.php","checksum":"a24d9c14c4d566098f1d5eb842a71aa3"},{"path":"\/inc\/web\/dlininformation.inc.php","checksum":"fff5d0f34321c7d6eceb274bc7c9f6f6"},{"path":"\/inc\/web\/dlininformationinfo.inc.php","checksum":"b0beb0961a68f4575bdcf1b65adb58e1"},{"path":"\/inc\/web\/dlinnews.inc.php","checksum":"2ab791b0acf6ad3465cd5f4e646133e4"},{"path":"\/inc\/web\/dlinpingluninfo.inc.php","checksum":"c3a31aa056027651a7bb1a2f7527c274"},{"path":"\/inc\/web\/dlinseecar.inc.php","checksum":"8945a49cfb21020ae409f955b1086180"},{"path":"\/inc\/web\/dlinsjpinglun.inc.php","checksum":"a97ba0244533f9fca1aa4bab469e2526"},{"path":"\/inc\/web\/dlinstore.inc.php","checksum":"53bf8f215aeef2634aaee3f8d3370a05"},{"path":"\/inc\/web\/dlinstoreinfo.inc.php","checksum":"29adabd2d5725ba7057332792421b05a"},{"path":"\/inc\/web\/dlinstoreinfo2.inc.php","checksum":"180b61098bdcc0a91d8d8997eae85c93"},{"path":"\/inc\/web\/dlintzpinglun.html","checksum":"5684c4a3489e87178c91e2f41c013da3"},{"path":"\/inc\/web\/dlintzpinglun.inc.php","checksum":"b0efc2d0a94b177a8883ec28b0984171"},{"path":"\/inc\/web\/dlinyellowstore.inc.php","checksum":"791350b814c07a767c9bdabf8c1bae73"},{"path":"\/inc\/web\/dlinyellowstoreinfo.inc.php","checksum":"4b4c6c9a7a5af8e8d7ff0b8f45404327"},{"path":"\/inc\/web\/dlinzx.inc.php","checksum":"0087424f4a7bc3843dbab4ed9a48af41"},{"path":"\/inc\/web\/dlinzxcheckinfo.inc.php","checksum":"e2901455928a16f5f83a377e9e1812df"},{"path":"\/inc\/web\/dlinzxcheckmanager.inc.php","checksum":"d795e837fd09e52728151fb3912af0d5"},{"path":"\/inc\/web\/dlinzxpinglun.inc.php","checksum":"0bf7cacf235e8ecf88843be66a1d2c51"},{"path":"\/inc\/web\/dltxapply.inc.php","checksum":"1f341ab0298cb9e1ad87cb709334272b"},{"path":"\/inc\/web\/dltxdetails.inc.php","checksum":"50a9049090d2052c1a5bbb86a1fca6eb"},{"path":"\/inc\/web\/ej.inc.php","checksum":"d7680a75a3c33e80c83de661e2521ade"},{"path":"\/inc\/web\/error.inc.php","checksum":"26c95571c3a286259d940064c364ad8e"},{"path":"\/inc\/web\/fenlei.inc.php","checksum":"cee8d94e4c94a562f69c077b8ce68a8c"},{"path":"\/inc\/web\/fenx.inc.php","checksum":"873e27637249d5167d5a8bfc73d33e3c"},{"path":"\/inc\/web\/fxlist.inc.php","checksum":"b93d8e364be498563be1a133563a73db"},{"path":"\/inc\/web\/fxset.inc.php","checksum":"1f5b369dc10b92c22568075ad19c005b"},{"path":"\/inc\/web\/fxtx.inc.php","checksum":"04f56f5e3670c4d9c31f89dcdd68c94b"},{"path":"\/inc\/web\/goods.inc.php","checksum":"3b39cf425696d05b89559df142fa569b"},{"path":"\/inc\/web\/goodscheck.inc.php","checksum":"8380d268e47210b01365e4475a2de875"},{"path":"\/inc\/web\/goodsinfo.inc.php","checksum":"903c4f282b65af8d063a4b976935cf0e"},{"path":"\/inc\/web\/hbdata.inc.php","checksum":"4ea0b2aae78641eb8e3f5857a12bb53c"},{"path":"\/inc\/web\/hbopen.inc.php","checksum":"55fd25f7910e9c0df3bf5945c935be12"},{"path":"\/inc\/web\/heli.inc.php","checksum":"35ead19514d892c8ff8411b7e2963287"},{"path":"\/inc\/web\/help.inc.php","checksum":"5a53f0639b7f86a66977cbffa0301cc1"},{"path":"\/inc\/web\/hhropen.inc.php","checksum":"3352706088a18427d2e9cc149aa19e8a"},{"path":"\/inc\/web\/hyopen.inc.php","checksum":"588d205cd7836eb164f70a721e238765"},{"path":"\/inc\/web\/in.inc.php","checksum":"ebbfc962d03f3a9d87ed8c8e1bec9596"},{"path":"\/inc\/web\/inad.inc.php","checksum":"72b4d42655443c87d9fe1f83c76575ec"},{"path":"\/inc\/web\/inaddad.inc.php","checksum":"a20bed6fbe889dd9b8166d12cdfe72c8"},{"path":"\/inc\/web\/inaddinformation.inc.php","checksum":"511b2978b1d6e0268b7ca66b7aa7c2cf"},{"path":"\/inc\/web\/inaddnews.inc.php","checksum":"70a935fdb39d7d3fc15e41c0781190d9"},{"path":"\/inc\/web\/inaddyellowstore.inc.php","checksum":"16d7c37df2ab957a1a3d62886efe01b2"},{"path":"\/inc\/web\/inaddzx.inc.php","checksum":"d424da0d0bfd5273a9baa5674a58125e"},{"path":"\/inc\/web\/incarinfo.inc.php","checksum":"472bd43aa60d833213c2a40245c48f39"},{"path":"\/inc\/web\/index.inc.php","checksum":"d481d44b1a50217708df11968d78829d"},{"path":"\/inc\/web\/information.inc.php","checksum":"c59b2740b155b000edfe10afaedb3db0"},{"path":"\/inc\/web\/informationinfo.inc.php","checksum":"97213c091f9c0c8a0713e87744219c05"},{"path":"\/inc\/web\/ingoods.inc.php","checksum":"e8f27beeca690d9d59aace39688aaa49"},{"path":"\/inc\/web\/ingoodsinfo.inc.php","checksum":"247583d1f249c9671ffe7edd59e96c72"},{"path":"\/inc\/web\/inindex.inc.php","checksum":"5bec4008765d951967f9e83062a8cfc4"},{"path":"\/inc\/web\/ininformation.inc.php","checksum":"04e3f179c9cc39eff16121813edcffd6"},{"path":"\/inc\/web\/ininformationinfo.inc.php","checksum":"b8b629f98bcf6b66f0f7e86466a2a036"},{"path":"\/inc\/web\/innews.inc.php","checksum":"f76b4bd698ca8babeaf98f80cd496f9f"},{"path":"\/inc\/web\/inpingluninfo.inc.php","checksum":"98247f0220beb2629469c7716bd18481"},{"path":"\/inc\/web\/inquiry.inc.php","checksum":"a23d9eb6b95134b131512f906dcd4329"},{"path":"\/inc\/web\/inseecar.inc.php","checksum":"a16d1b35136236a3f7d463cfcf1eb12d"},{"path":"\/inc\/web\/insjpinglun.inc.php","checksum":"c8ad33787ff112da2c3d328a4fbd60d3"},{"path":"\/inc\/web\/instore.inc.php","checksum":"55b3794bdc589e21018a0fd42d1c49a0"},{"path":"\/inc\/web\/instoreinfo.inc.php","checksum":"63794573faf197b741069af2fcd2b148"},{"path":"\/inc\/web\/instoreinfo2.inc.php","checksum":"e35eeaffcc5c31dee6b41ec7506e6d4a"},{"path":"\/inc\/web\/instructions.inc.php","checksum":"93c559682816133bd82c5249fbc3254c"},{"path":"\/inc\/web\/integral.inc.php","checksum":"b762ef77696094e9e74fe4de3c4a19df"},{"path":"\/inc\/web\/intzpinglun.inc.php","checksum":"fcbaa69577b2104e5d77f9a309116057"},{"path":"\/inc\/web\/inyellowstore.inc.php","checksum":"150d9f09932b9a38176f2af615f6ff15"},{"path":"\/inc\/web\/inyellowstoreinfo.inc.php","checksum":"6de8e9d8fe9327ab2cedbc376d053b72"},{"path":"\/inc\/web\/inzx.inc.php","checksum":"319a7245f5a89d5c28060dd242f619e7"},{"path":"\/inc\/web\/inzxcheckinfo.inc.php","checksum":"e1c02f282a3a04a74d2e06b393a8abb9"},{"path":"\/inc\/web\/inzxcheckmanager.inc.php","checksum":"847e4a078b072e6f61ab10cf36e19a56"},{"path":"\/inc\/web\/inzxpinglun.inc.php","checksum":"efd3a2cbf28669767b6987c310467298"},{"path":"\/inc\/web\/jfgoods.inc.php","checksum":"c62a502afa1cb1b5e6ea134be4dca4ca"},{"path":"\/inc\/web\/jfsz.inc.php","checksum":"4e158658f05e57ad7c6c07a6045a1a51"},{"path":"\/inc\/web\/jftype.inc.php","checksum":"cb3cbdde3ec5bf398500769a97d4efee"},{"path":"\/inc\/web\/joinlist.inc.php","checksum":"5e4bcf04d4addcb127b7774878c50eed"},{"path":"\/inc\/web\/label.inc.php","checksum":"0c5ba555ee6b1c3c659637b7d115dcf5"},{"path":"\/inc\/web\/level.inc.php","checksum":"638668930122400efaaa506dba3f7724"},{"path":"\/inc\/web\/manycity.inc.php","checksum":"3e46f36dba0cff470a282a5c20c5ea4c"},{"path":"\/inc\/web\/nav.inc.php","checksum":"0735c74e4f9cd84bb6aaf146a82095ce"},{"path":"\/inc\/web\/news.inc.php","checksum":"3d7059504c040700142a1adcf385ae76"},{"path":"\/inc\/web\/orderinfo.inc.php","checksum":"4309c8c9f28dc257ae7c2cb08ce0c2ea"},{"path":"\/inc\/web\/pay.inc.php","checksum":"39e4f54cff25c83edb6c5d8590becc9a"},{"path":"\/inc\/web\/peiz.inc.php","checksum":"29f8a4ee9deb404b4493981e63968466"},{"path":"\/inc\/web\/pingluninfo.inc.php","checksum":"d5936f0b8ff42190ebf76fda26a4417f"},{"path":"\/inc\/web\/receivelist.inc.php","checksum":"e0ffc6affed600b326f05d2ad91b92d2"},{"path":"\/inc\/web\/seecar.inc.php","checksum":"06130b7c72b60ab5d71a774e94606307"},{"path":"\/inc\/web\/settings.inc.php","checksum":"0127588233287de4bd32c979dbac6f08"},{"path":"\/inc\/web\/sjpinglun.inc.php","checksum":"6f9d84365e1caf0dc9f4b09a324ba069"},{"path":"\/inc\/web\/sms.inc.php","checksum":"75d4dcfffb40590919e4da6d42d00c2b"},{"path":"\/inc\/web\/start.inc.php","checksum":"ede5cadf527512296b8b2fc74df7f634"},{"path":"\/inc\/web\/store.inc.php","checksum":"1516566eaf5879c1e4b737b7dd094fed"},{"path":"\/inc\/web\/storecheck.inc.php","checksum":"e603f5d83053df795e19113fd8cfc4ac"},{"path":"\/inc\/web\/storeinfo.inc.php","checksum":"83064186551c7e4ede2c7148d6971f9c"},{"path":"\/inc\/web\/storeinfo2.inc.php","checksum":"5cffd0846baff83c2cd6a38043982ba1"},{"path":"\/inc\/web\/storerz.inc.php","checksum":"f1e6075b3cafc8d8ffd87b2df3c5b68c"},{"path":"\/inc\/web\/storetype.inc.php","checksum":"8377d61649892ff7095c4b671203292d"},{"path":"\/inc\/web\/storetype2.inc.php","checksum":"e89a093cca9b47848f4aaf73ecdf9175"},{"path":"\/inc\/web\/storetypead.inc.php","checksum":"98291d222bc709fa55ce13197d4198f0"},{"path":"\/inc\/web\/tag.inc.php","checksum":"45e1e38ba78220934c409e71f6c7bc93"},{"path":"\/inc\/web\/template.inc.php","checksum":"2cba28e3530d2b533d67ea003cfe8492"},{"path":"\/inc\/web\/top.inc.php","checksum":"9f36e5553b68e682d4514016ea81b529"},{"path":"\/inc\/web\/txapply.inc.php","checksum":"4720fbc29a6ec0c0c7450b9081438cf0"},{"path":"\/inc\/web\/txdetails.inc.php","checksum":"b23918a90b29e8a2bee705426e6bc91e"},{"path":"\/inc\/web\/txlist.inc.php","checksum":"91bb0dc7f7cdda61658d29e630b80984"},{"path":"\/inc\/web\/txsz.inc.php","checksum":"0c885f8262a09de6b7ee504aedac9842"},{"path":"\/inc\/web\/type.inc.php","checksum":"47ad754870d27f5300ebab1050338e68"},{"path":"\/inc\/web\/type2.inc.php","checksum":"f7853f0dca6df79842e2fea6cf4aebcf"},{"path":"\/inc\/web\/tzcheck.inc.php","checksum":"56661d33bb3c6214ae740a94575988b4"},{"path":"\/inc\/web\/tzopen.inc.php","checksum":"04882d23e401873cddf58925aa011c2e"},{"path":"\/inc\/web\/tzpinglun.inc.php","checksum":"b4965519920f7b33a8b6e0153cefdae3"},{"path":"\/inc\/web\/user2.inc.php","checksum":"ddfdb3fb6c64c0d800b82c1a9f28c794"},{"path":"\/inc\/web\/video.inc.php","checksum":"b32c25360a3c65c99d13f9ecaebd5dba"},{"path":"\/inc\/web\/videotype.inc.php","checksum":"cf733b119c52f886a50615cb233c137d"},{"path":"\/inc\/web\/xsdata.inc.php","checksum":"c19ff44667febab6e92b53c2c6eba052"},{"path":"\/inc\/web\/xsdatalist.inc.php","checksum":"df20c78bf285ecd0c8120c61baad3a24"},{"path":"\/inc\/web\/yellowcheck.inc.php","checksum":"760b29bde831e49222497ca1b21794aa"},{"path":"\/inc\/web\/yellowset.inc.php","checksum":"a1f4b99698d504fbf31ab4a512eec8a2"},{"path":"\/inc\/web\/yellowstore.inc.php","checksum":"ab78eba3d755642c19ac9275ed0d8083"},{"path":"\/inc\/web\/yellowstoreinfo.inc.php","checksum":"284322dcc504a6733fbd0d56e45316a0"},{"path":"\/inc\/web\/yellowtype.inc.php","checksum":"57d59dfc7d89e2f93b898fc79e336f87"},{"path":"\/inc\/web\/yellowtype2.inc.php","checksum":"185d051dbbf1984d41726b95599330ae"},{"path":"\/inc\/web\/ygquan.inc.php","checksum":"6b5047fb5de81ba3501d3eb3200ca747"},{"path":"\/inc\/web\/yj.inc.php","checksum":"de2c3042ca64c0d6f83afd40ec5bcb38"},{"path":"\/inc\/web\/yjtx.inc.php","checksum":"1c2df7aaf70b3847efbbd05c515b85f9"},{"path":"\/inc\/web\/zx.inc.php","checksum":"7c6b9803311d5026c53458172e8ee3a5"},{"path":"\/inc\/web\/zxcheck.inc.php","checksum":"52abd344f5b51d6363748a3ef581cffe"},{"path":"\/inc\/web\/zxcheckinfo.inc.php","checksum":"4c67eadf3935e4adbdb4df510b8dc90f"},{"path":"\/inc\/web\/zxcheckmanager.inc.php","checksum":"10ff4c1443b14bee70634e47b87324de"},{"path":"\/inc\/web\/zxpinglun.inc.php","checksum":"8dcc70f60176eff55dc9e1af335f88e5"},{"path":"\/inc\/web\/zxtype.inc.php","checksum":"f33cecaf6c6922a5b447d6fb4ac14fd3"},{"path":"\/insert.php","checksum":"8cf6ffca70f4c306631bdbfd2ce4308e"},{"path":"\/module.php","checksum":"a101f8ad4b7b48f879855a67720cb93f"},{"path":"\/payment\/wechat\/notify.php","checksum":"c212fa71db2ea221b3cfcaf8ba9be2d6"},{"path":"\/pkcs7Encoder.php","checksum":"1d82231335581fbc3c94da53a4cadc6c"},{"path":"\/preview.jpg","checksum":"3aa4819c3d81fb0f4d388195e0d6be93"},{"path":"\/site.php","checksum":"9f90fd310bed838c28f77c06e64dcf2f"},{"path":"\/template\/images\/10.png","checksum":"baa8834b7d81118cf895e3330ef19cdd"},{"path":"\/template\/images\/11.png","checksum":"a419c4cbe38a6beae54977a5bebbba13"},{"path":"\/template\/images\/12.png","checksum":"ef0cad19134a82936d93546202218ae6"},{"path":"\/template\/images\/13.png","checksum":"4a809fcb0375b117efe8ee400ec28909"},{"path":"\/template\/images\/6.png","checksum":"547957d86835494e8417618c3a8bcc9d"},{"path":"\/template\/images\/7.png","checksum":"3a3a4d112b3519387b97bb6d9c2d8e49"},{"path":"\/template\/images\/8.png","checksum":"cf84cbb46248b0b7f48b37140a8c7548"},{"path":"\/template\/images\/9.png","checksum":"329ba127bb1fa534a1d37d172729743f"},{"path":"\/template\/images\/add.png","checksum":"d000c48ecaca22041460b77c136798a6"},{"path":"\/template\/images\/bac.png","checksum":"72bf5370bc98041167451a5635a27c41"},{"path":"\/template\/images\/city.png","checksum":"3339c4e9e08721a53cfd66a12f04268e"},{"path":"\/template\/images\/container_bg0.png","checksum":"d3dba0bf2f4356c5cc2e7d2547eb7f1d"},{"path":"\/template\/images\/cou.jpg","checksum":"d364dcfb78adbdb282c4b175642195f8"},{"path":"\/template\/images\/dada.png","checksum":"d695f05614d5db2cd430164329bb2df7"},{"path":"\/template\/images\/dayin.png","checksum":"d6826d2d330a9e58f0d8f35c156994bf"},{"path":"\/template\/images\/dingdan.png","checksum":"45055c8e3f219cf233aeb870a540b931"},{"path":"\/template\/images\/dn.wav","checksum":"ecc4e729821d891cdd19816049b544c4"},{"path":"\/template\/images\/dsfddf.png","checksum":"9c060d56d6cccc377294930ce73583f6"},{"path":"\/template\/images\/duanxintongdao.png","checksum":"d5f4d07abea65af7cfe6b46ddfe6005f"},{"path":"\/template\/images\/duigoubai.png","checksum":"fb76ed221b53584525149234282a1d39"},{"path":"\/template\/images\/fdfs.png","checksum":"ee3009789e897763096345c9f37f8aec"},{"path":"\/template\/images\/gou.png","checksum":"b800525dfdde65de4f119e6047cf22ec"},{"path":"\/template\/images\/guanggao.png","checksum":"84e132002d18c7a76a9c9a88b170f721"},{"path":"\/template\/images\/guanli.png","checksum":"1a03f44a5830fea103646083b714ae71"},{"path":"\/template\/images\/haixian.jpg","checksum":"2624dfb92c1adf063556a3ea8484cade"},{"path":"\/template\/images\/hb.png","checksum":"0a2515f4dff8249bfedb510358204da5"},{"path":"\/template\/images\/hhr.png","checksum":"11b533d128d8e59e5671a0dd00d1db0f"},{"path":"\/template\/images\/home.png","checksum":"7b01a01f1db87cb604232bf0c0b13365"},{"path":"\/template\/images\/hongbao.jpg","checksum":"98d64e261552e25295f1264d070baccf"},{"path":"\/template\/images\/hy.png","checksum":"347a5fba95f6ab584402e521662808ab"},{"path":"\/template\/images\/icon.jpg","checksum":"41f49e206f09315cfd303a9520077d89"},{"path":"\/template\/images\/juxing.png","checksum":"f5c1326d2c68e6d21cb8f5d9335f3fd7"},{"path":"\/template\/images\/kaiguan.png","checksum":"2b0143f312a5af9c1b5095809318f6d3"},{"path":"\/template\/images\/laoz.png","checksum":"55cb69b672406cff203ef953984873ed"},{"path":"\/template\/images\/login_icon.png","checksum":"664566caafa0028bbe2f2ef392be3076"},{"path":"\/template\/images\/logo.png","checksum":"41447f0d0f9dc2572c5160659701403d"},{"path":"\/template\/images\/logo2.png","checksum":"39e9e1f338fd92ccc0fba8f07a9e0325"},{"path":"\/template\/images\/man.png","checksum":"e940a2a56b35998be20a26df852d2001"},{"path":"\/template\/images\/manjianhuodong.png","checksum":"b5d4d29192125351e9e2a648e94e5be0"},{"path":"\/template\/images\/mendian.png","checksum":"b38e4dab726e10b9ca00d9d5afc3fb26"},{"path":"\/template\/images\/miaosha.png","checksum":"e1e47b3cb9b22f8c4db2fcf220f41e9a"},{"path":"\/template\/images\/money1.png","checksum":"dad3b941f4d48cde12c3f6386c1e3179"},{"path":"\/template\/images\/money10.png","checksum":"43d58f9d970f7238e35357a10b5d2501"},{"path":"\/template\/images\/money11.png","checksum":"48c0eb6bfadd8a3db8ce913b05f496e0"},{"path":"\/template\/images\/money3.png","checksum":"14a8f567edce9741d5bee7044d6c6643"},{"path":"\/template\/images\/money4.png","checksum":"fd47bb4a552022cf73dabc30597724ac"},{"path":"\/template\/images\/money5.png","checksum":"eb3d78b3295bf0586a31459d27bb498f"},{"path":"\/template\/images\/money6.png","checksum":"41635769a94b1617ad29a0e0aecc9429"},{"path":"\/template\/images\/money8.png","checksum":"dbadae3e94355a52248ef2b0d739e913"},{"path":"\/template\/images\/mt.png","checksum":"6e308b0e6499e1f42dc7eaef6a430228"},{"path":"\/template\/images\/muban3.jpg","checksum":"b90c2f1ae81fc7e2d0eae0a96a82564f"},{"path":"\/template\/images\/pc.png","checksum":"c03a2bd0a540161b27ce79212e052e90"},{"path":"\/template\/images\/quyu.png","checksum":"07616ebcbdffe41cfeece2b3a2600059"},{"path":"\/template\/images\/saoma.png","checksum":"e0b7001556de4de3112978b5431b98f2"},{"path":"\/template\/images\/seller.png","checksum":"fee0103a1275443cb3bafe0360b3a103"},{"path":"\/template\/images\/seller_login_bg.jpg","checksum":"b80692ef359ac9baaf8963eb1095576f"},{"path":"\/template\/images\/shanchu.png","checksum":"ccb17a11f1ad663c4c489d2d11cb50aa"},{"path":"\/template\/images\/shezhi.png","checksum":"c3ced0563e1c4740281376bdd72ff682"},{"path":"\/template\/images\/stick.gif","checksum":"06216d9b99dca13744b113974b700bfd"},{"path":"\/template\/images\/time.png","checksum":"43c1ff21170de8c9ca5cc0febd9a4b34"},{"path":"\/template\/images\/tixian.png","checksum":"2f14f9645c715b8a54c1f8906ec870de"},{"path":"\/template\/images\/tongzhi.png","checksum":"1447fa5e82282144d36347d939bf9c2c"},{"path":"\/template\/images\/ttrgd.png","checksum":"e5b4d61bc5090293558f36bc7004de1a"},{"path":"\/template\/images\/tuceng0.png","checksum":"41ef0cd985b50564b4db7f88d236f6d3"},{"path":"\/template\/images\/tuceng1.png","checksum":"2c88ea84a70b3c27d30b71c313aae497"},{"path":"\/template\/images\/tuceng2.png","checksum":"5c4f4de1229bd5c648dd3c8f412fc883"},{"path":"\/template\/images\/tuceng4.png","checksum":"f7f5c9498d120765c61ddbbbb946866e"},{"path":"\/template\/images\/tuijian.png","checksum":"8bf45fe379021eeb5013ff8d5728c793"},{"path":"\/template\/images\/txt.png","checksum":"99e433cf8df305e8725f08f7b705e1d6"},{"path":"\/template\/images\/tz.png","checksum":"1cccb30b1c16cdb5a92dc095a4d5bf8c"},{"path":"\/template\/images\/u11_state0.png","checksum":"53078966ea081ca5600c07837a3371f4"},{"path":"\/template\/images\/u270.png","checksum":"07cb3829c4091f06908e65efddc65ca6"},{"path":"\/template\/images\/user.png","checksum":"094b64aa30988afbbdedfbc9f6723ffa"},{"path":"\/template\/images\/wm.wav","checksum":"ff91d22fcacef147520f3d35690c9256"},{"path":"\/template\/images\/wu.png","checksum":"087e05451e6c33ecb7b8e200a72bfb2e"},{"path":"\/template\/images\/xia.png","checksum":"2fdd47698205e340d05693953944d969"},{"path":"\/template\/images\/xian.png","checksum":"66eb9e61dcd5a7e6bd1b485680484bee"},{"path":"\/template\/images\/xiaoshou.png","checksum":"b901fd06b5a65dbfde2d34360df0ecef"},{"path":"\/template\/images\/xingxing.png","checksum":"a273c45822ab3b7d4609095d72d5e53b"},{"path":"\/template\/images\/xinxi1.png","checksum":"4e7877740332700fbf15786e8495f6f6"},{"path":"\/template\/images\/xinxi2.png","checksum":"5358190cf9085f3e0b8bc49b5c54690b"},{"path":"\/template\/images\/xinxi3.png","checksum":"8e1f4e0354aa5052edd20cd0a286a77e"},{"path":"\/template\/images\/xinxi4.png","checksum":"74dd0e47588cc76afabc060b3c4208b6"},{"path":"\/template\/images\/xitong.png","checksum":"8b600b83e37e8c59820cf342568a785a"},{"path":"\/template\/images\/ygrz.png","checksum":"14eee75777e80df3e4e2cd99eb1f30da"},{"path":"\/template\/images\/youhuiquan.png","checksum":"0e1f267164ab63d70b5bfa012ca17bfb"},{"path":"\/template\/images\/yuan.png","checksum":"10647d468e504f9782a347623bae4864"},{"path":"\/template\/images\/yuanxing.png","checksum":"1defcbd174f485c23f4a0183d22f58a2"},{"path":"\/template\/images\/yy.wav","checksum":"41d543fba339059e55303ed067af101b"},{"path":"\/template\/images\/zhekouquan.png","checksum":"f6cfcabc1807922deb4aa782a6dbb1cf"},{"path":"\/template\/images\/zu.png","checksum":"cdf1694617fa3c07585da3da26c08eb6"},{"path":"\/template\/public\/comhead.html","checksum":"777ff07f143cc9083f3130077461f163"},{"path":"\/template\/public\/common.html","checksum":"49548b7f828e70ecccef49a11b1d0488"},{"path":"\/template\/public\/footer-base.html","checksum":"bcdec5fe63abaf6c2054b890824cf8df"},{"path":"\/template\/public\/footer.html","checksum":"7a8c673dced142d4d427b00d7b0a22e3"},{"path":"\/template\/public\/header-base.html","checksum":"1abaa9d4d1b52d613e78fd503bcedd88"},{"path":"\/template\/public\/header.html","checksum":"7ef52c1ad8be688fdbc7ae70e6e5842d"},{"path":"\/template\/public\/ygcss.css","checksum":"17c13bb4b96fa6e3ef97a1a752a23ebd"},{"path":"\/template\/public\/ygcsslist.css","checksum":"ef983e8442a2a4311547c350ffd2ead4"},{"path":"\/template\/web\/account.html","checksum":"824700c0e29a3a7ebbb72bf2f0f41154"},{"path":"\/template\/web\/acthx.html","checksum":"b6411b1b53869d395d93c1e76a76798e"},{"path":"\/template\/web\/activity.html","checksum":"88923e638a405b3e9e3183f212cc9b02"},{"path":"\/template\/web\/activityset.html","checksum":"e79788eb0060405bcb0980fff3f1809b"},{"path":"\/template\/web\/acttype.html","checksum":"c33fb7112bdf823fa3e72e24fdb18721"},{"path":"\/template\/web\/ad.html","checksum":"5aeb158bd04b4b207b712736a8537fab"},{"path":"\/template\/web\/addacthx.html","checksum":"0b5163d00f6d92778c5b85dda40d646b"},{"path":"\/template\/web\/addactivity.html","checksum":"aeaad6faed253700667f5fa371050705"},{"path":"\/template\/web\/addacttype.html","checksum":"ba6f20d1c0bb91320bea6f4ec7ff3050"},{"path":"\/template\/web\/addad.html","checksum":"bef516c3f0d757b3bde50eb14c9ba128"},{"path":"\/template\/web\/addarea.html","checksum":"20d9676574f01f5d3bfd02ad5e3ebc76"},{"path":"\/template\/web\/addattribute.html","checksum":"2e16a6559f2e7936382ee93b7bf16842"},{"path":"\/template\/web\/addcarset.html","checksum":"e9bcbb3bd0abe11030a07ffd91373247"},{"path":"\/template\/web\/addin.html","checksum":"7bb0799447d3f7a381f347ef521acf95"},{"path":"\/template\/web\/addinformation.html","checksum":"b3056803cfcf2bc9d3b72bd1f6ba38ce"},{"path":"\/template\/web\/addinquiry.html","checksum":"c4b2795d83ad8e3e643d6fd8716f305a"},{"path":"\/template\/web\/addjfgoods.html","checksum":"a56115551d2f87bd585457b5b5d78a5c"},{"path":"\/template\/web\/addjftype.html","checksum":"5d8a7df01116c5d80c05acacae9d5fcb"},{"path":"\/template\/web\/addlabel.html","checksum":"7ae9a880e76641cdc23042efdb3326c6"},{"path":"\/template\/web\/addlevel.html","checksum":"b2a0cef5f5b0ca4ea5c2ed7628e68dc0"},{"path":"\/template\/web\/addnav.html","checksum":"06c30cc1f71f2b859faa305a8d7ecea0"},{"path":"\/template\/web\/addnews.html","checksum":"7880b89d7d5eadbc9b80404f31b55fb2"},{"path":"\/template\/web\/addstoretype.html","checksum":"19f6df633b9762add63737465686993e"},{"path":"\/template\/web\/addstoretype2.html","checksum":"48a12c533d02568d1cf73c08c3ec1905"},{"path":"\/template\/web\/addstoretypead.html","checksum":"fbb33190f8feba273422801eccaf1bf7"},{"path":"\/template\/web\/addtag.html","checksum":"f16eef9a69ac7cc1350c0ae954c42ff0"},{"path":"\/template\/web\/addtop.html","checksum":"89dbcc299a7804ec494562ede0cca682"},{"path":"\/template\/web\/addtype.html","checksum":"8234f83501cda7a7bc23db62750b79af"},{"path":"\/template\/web\/addtype2.html","checksum":"dd66deb73b6af1a03cb0c04faf5f1960"},{"path":"\/template\/web\/addvideo.html","checksum":"17e713d6fd103cb137f7f50d118fef41"},{"path":"\/template\/web\/addvideotype.html","checksum":"cfb40aa984f1ca1cf7fe7266dc101356"},{"path":"\/template\/web\/addyellowset.html","checksum":"8649b055b95566b621bd65e9897e039f"},{"path":"\/template\/web\/addyellowstore.html","checksum":"449cede57415b3a576ea1f0976b96e9c"},{"path":"\/template\/web\/addyellowtype.html","checksum":"f6827e658120a56782c3b7d6928f0908"},{"path":"\/template\/web\/addyellowtype2.html","checksum":"d32d79f4bd88c1e1562fec011aba5ca8"},{"path":"\/template\/web\/addzx.html","checksum":"16f2cb248d8f4d8083796da04157479c"},{"path":"\/template\/web\/addzxtype.html","checksum":"67b6e18a6371b162a5f69151114a6bc9"},{"path":"\/template\/web\/area.html","checksum":"6cf3769d5c5ce062474f283755d3218a"},{"path":"\/template\/web\/attribute.html","checksum":"f8ca7afaa89a98183cabc82be18dbd2c"},{"path":"\/template\/web\/carcheck.html","checksum":"68ce3159ef30bef09387a02107e8525d"},{"path":"\/template\/web\/carinfo.html","checksum":"d4b643087eccd53be98993a8f4e10577"},{"path":"\/template\/web\/caropen.html","checksum":"568d0938e316354e59334c0bba3db075"},{"path":"\/template\/web\/carset.html","checksum":"d5be4d5074c43e1dddbffe4333140498"},{"path":"\/template\/web\/commission.html","checksum":"80aa6f931a65cf7e644895f61ed31d1a"},{"path":"\/template\/web\/copyright.html","checksum":"3b653a0161c6ae17643982283c9ed356"},{"path":"\/template\/web\/countadd.html","checksum":"7c98883108bbe03729693efdc209d040"},{"path":"\/template\/web\/ddgl.html","checksum":"9329cad713a6a6b8f99e8ff2a95934b0"},{"path":"\/template\/web\/dlinad.html","checksum":"2b185c352f97563e903e8e6d1249dac2"},{"path":"\/template\/web\/dlinaddad.html","checksum":"8a43ecf12d74c0b03d70b33aab8f13fa"},{"path":"\/template\/web\/dlinaddinformation.html","checksum":"43d8546949ac9067c0801cfd435c3ecd"},{"path":"\/template\/web\/dlinaddnews.html","checksum":"7aa53038a26fc768b41e8658be63c2e9"},{"path":"\/template\/web\/dlinaddyellowstore.html","checksum":"2a9125052b66096f306f0b41574b6b48"},{"path":"\/template\/web\/dlinaddzx.html","checksum":"f792a2ed27229bc88e6180f5a50f2638"},{"path":"\/template\/web\/dlincarinfo.html","checksum":"fe4583636ed5dce05eaccc4f2463bef8"},{"path":"\/template\/web\/dlingoods.html","checksum":"6cf3f07809b309b148605d89971a64df"},{"path":"\/template\/web\/dlingoodsinfo.html","checksum":"0a2a48697ad1b35a2054a39f4e3eed6b"},{"path":"\/template\/web\/dlininformation.html","checksum":"d23413ddcbf90b558396fe08cbeb1bd5"},{"path":"\/template\/web\/dlininformationinfo.html","checksum":"4ba8aafd381dfff5034645027e44935d"},{"path":"\/template\/web\/dlinnews.html","checksum":"88f7958ae74ec85ec45aa80d7104e777"},{"path":"\/template\/web\/dlinpingluninfo.html","checksum":"ebabeacff079797dca40532aa03302db"},{"path":"\/template\/web\/dlinseecar.html","checksum":"763295e917e2bdc4dc6cdafd29c3e366"},{"path":"\/template\/web\/dlinsjpinglun.html","checksum":"774a0e2db6857f8cac3365b8f0b918fe"},{"path":"\/template\/web\/dlinstore.html","checksum":"edbdeff0cad440e2854e127395204c20"},{"path":"\/template\/web\/dlinstoreinfo.html","checksum":"3a132d0063a41dcb9c3069993e90d283"},{"path":"\/template\/web\/dlinstoreinfo2.html","checksum":"2d9855d832ab3615d0d4c77f5622befb"},{"path":"\/template\/web\/dlintzpinglun.html","checksum":"5684c4a3489e87178c91e2f41c013da3"},{"path":"\/template\/web\/dlinyellowstore.html","checksum":"800a122d9d8dbfdd15f5f850503cbd07"},{"path":"\/template\/web\/dlinyellowstoreinfo.html","checksum":"8776ca79ae1deb25e5a27356aa7d9a73"},{"path":"\/template\/web\/dlinzx.html","checksum":"15de6c81d366cd8430b368c996b046d8"},{"path":"\/template\/web\/dlinzxcheckinfo.html","checksum":"d4a124a8d51ac3b71a610c05fa7b19a1"},{"path":"\/template\/web\/dlinzxcheckmanager.html","checksum":"1d0e5b5584e8deb2f766cd5055eb739f"},{"path":"\/template\/web\/dlinzxpinglun.html","checksum":"89e0f8bcfbff8961c84a5fbf6dbe1e96"},{"path":"\/template\/web\/dltxapply.html","checksum":"1e7e26d81db6b75aa136b5b96331390f"},{"path":"\/template\/web\/dltxdetails.html","checksum":"2214798dc5e98fa5d9b3e4dca4e2b23e"},{"path":"\/template\/web\/ej.html","checksum":"4114095e25a652eb1551cf56bba832e0"},{"path":"\/template\/web\/error.html","checksum":"a6b75b5074041365f1a3b48831b82081"},{"path":"\/template\/web\/fenlei.html","checksum":"8cd1ebccdef4cb0beb2efe811b8ca378"},{"path":"\/template\/web\/fenx.html","checksum":"11139ff23b1811b027c1889c4eba39db"},{"path":"\/template\/web\/fxlist.html","checksum":"0bad4fe5372a18cedf7d58d264093904"},{"path":"\/template\/web\/fxset.html","checksum":"6a651176a18d51604860c0f695d096a6"},{"path":"\/template\/web\/fxtx.html","checksum":"0cf89cfa2c99ed65942dfc0ebf4eec39"},{"path":"\/template\/web\/goods.html","checksum":"8b9bf14a8bcb3d0166a9aafebd8c01a8"},{"path":"\/template\/web\/goodscheck.html","checksum":"2519f41fe7e54057b6fc6559bc96401c"},{"path":"\/template\/web\/goodsinfo.html","checksum":"ac75b9f573e25ce692e4aa03413340fa"},{"path":"\/template\/web\/hbdata.html","checksum":"15ce45ed0d2bb7cf88d18e28d146fba1"},{"path":"\/template\/web\/hbopen.html","checksum":"02e27d4225bcaed67147ffc34faa889a"},{"path":"\/template\/web\/heli.html","checksum":"caf62ea02d77b55082ad2667215b1af0"},{"path":"\/template\/web\/help.html","checksum":"28eeba3aaa85879af47b33b3d4340f03"},{"path":"\/template\/web\/hhropen.html","checksum":"4938aae57c6b9bee8c61d6d4ee281c59"},{"path":"\/template\/web\/hyopen.html","checksum":"765b3711b706f6901b6a11bf918efb8d"},{"path":"\/template\/web\/in.html","checksum":"5d77095bc4d0d1525db9f87e4038497d"},{"path":"\/template\/web\/inad.html","checksum":"8edca26b000ddfca3970825bb683b7d1"},{"path":"\/template\/web\/inaddad.html","checksum":"99f1a6f250f300d842f5f2bbbb65e40b"},{"path":"\/template\/web\/inaddinformation.html","checksum":"43d8546949ac9067c0801cfd435c3ecd"},{"path":"\/template\/web\/inaddnews.html","checksum":"b0098c4ec65d979540e0fe9d744f93f3"},{"path":"\/template\/web\/inaddyellowstore.html","checksum":"2a9125052b66096f306f0b41574b6b48"},{"path":"\/template\/web\/inaddzx.html","checksum":"3e243cd16f076bb47725e6741dda0015"},{"path":"\/template\/web\/incarinfo.html","checksum":"4d5a0a78e95d3093c7a02cb7a98f2323"},{"path":"\/template\/web\/index.html","checksum":"f0af978e32d02125f5d00ba7f837a369"},{"path":"\/template\/web\/information.html","checksum":"110af11399d7e049e8c454313d57b94f"},{"path":"\/template\/web\/informationinfo.html","checksum":"1b03009a912f60567927ec62e4bbebd2"},{"path":"\/template\/web\/ingoods.html","checksum":"36e09d679c7434945d7e50f5c1d1d688"},{"path":"\/template\/web\/ingoodsinfo.html","checksum":"f3da5e2ba55c9206920f03caa8040b07"},{"path":"\/template\/web\/inindex.html","checksum":"e9d2c02aa48ce4e3beb49bbb8b845216"},{"path":"\/template\/web\/ininformation.html","checksum":"29e2910bb198f003ee383aaa8067ebde"},{"path":"\/template\/web\/ininformationinfo.html","checksum":"4ba8aafd381dfff5034645027e44935d"},{"path":"\/template\/web\/innews.html","checksum":"bdeb1359367077cdf6b6c0889eb175c9"},{"path":"\/template\/web\/inpingluninfo.html","checksum":"121c8bf81c17a727c52913df992e6063"},{"path":"\/template\/web\/inquiry.html","checksum":"2d3a25004ea9b33f9178ff175c84e958"},{"path":"\/template\/web\/inseecar.html","checksum":"c4c2e96fa8311e492d5d1c955fcec9d3"},{"path":"\/template\/web\/insjpinglun.html","checksum":"2b463adc41efa6270ec5b93a5ee991b8"},{"path":"\/template\/web\/instore.html","checksum":"b2f8f9765335b89fa491dbccccbe7582"},{"path":"\/template\/web\/instoreinfo.html","checksum":"af7b8df63054d5f90ca9831e61f3f883"},{"path":"\/template\/web\/instoreinfo2.html","checksum":"2d9855d832ab3615d0d4c77f5622befb"},{"path":"\/template\/web\/instructions.html","checksum":"c2f050bd90602cb18689b8bc24550882"},{"path":"\/template\/web\/integral.html","checksum":"bccb3ce832dbc5debcbb955ef9a8cac9"},{"path":"\/template\/web\/intzpinglun.html","checksum":"a272c46f3ce012848ed9c324f19829ba"},{"path":"\/template\/web\/inyellowstore.html","checksum":"ff6eb2292201cbf4653548d68674f8f3"},{"path":"\/template\/web\/inyellowstoreinfo.html","checksum":"a7f84607db6e37231eba786b70f5bcba"},{"path":"\/template\/web\/inzx.html","checksum":"08b0145bea76595363b81214ba8937b5"},{"path":"\/template\/web\/inzxcheckinfo.html","checksum":"58178856761bc15006ce433845a728f9"},{"path":"\/template\/web\/inzxcheckmanager.html","checksum":"af2ac772bac74a517565fdda7f8b843f"},{"path":"\/template\/web\/inzxpinglun.html","checksum":"3e9dc0232a2687fc60508ffd2ff58bb9"},{"path":"\/template\/web\/jfgoods.html","checksum":"881d7156df7f596b08203b39ae3cf01c"},{"path":"\/template\/web\/jfsz.html","checksum":"081028892ff31dc0420a37c5d0925dee"},{"path":"\/template\/web\/jftype.html","checksum":"eefbdbebe3ee707bd356d87af6c31db1"},{"path":"\/template\/web\/joinlist.html","checksum":"9e9b10284455debefb82cf7241a37af6"},{"path":"\/template\/web\/label.html","checksum":"bb214c12127d21f63077bf67aa57b21c"},{"path":"\/template\/web\/level.html","checksum":"6f7930400f5e327d8b3da522bc3f1134"},{"path":"\/template\/web\/manycity.html","checksum":"f3c2b9ac62a9e22bded667c2adbdf04f"},{"path":"\/template\/web\/nav.html","checksum":"aed669770aca9c64fa4259ad0e70a4f2"},{"path":"\/template\/web\/news.html","checksum":"db0afb77a5538c3f63b8a73c299f792a"},{"path":"\/template\/web\/orderinfo.html","checksum":"db72c8b6f026ae22267e597fa1f99057"},{"path":"\/template\/web\/pay.html","checksum":"32e08cec456b57154dd2134a754bbea7"},{"path":"\/template\/web\/peiz.html","checksum":"d1443ca63cadd5ee6c2b8542e795a85b"},{"path":"\/template\/web\/pingluninfo.html","checksum":"afb31848ea81743e471939cf26c17dde"},{"path":"\/template\/web\/receivelist.html","checksum":"7816b798aa179d39e529163b6cca7174"},{"path":"\/template\/web\/seecar.html","checksum":"809211104ffca45581a63185e1a884fc"},{"path":"\/template\/web\/settings.html","checksum":"b3d54cbc39ff1cd4b5967b3129c6f62a"},{"path":"\/template\/web\/sjpinglun.html","checksum":"d8277c76f32a78248100d3f73bd77669"},{"path":"\/template\/web\/sms.html","checksum":"80610bc4632ada5f57a336302ad33e35"},{"path":"\/template\/web\/start.html","checksum":"9242d017ab37a034f98c8ce60ebb8d07"},{"path":"\/template\/web\/store.html","checksum":"a119963ae2a1558779704c723545121e"},{"path":"\/template\/web\/storecheck.html","checksum":"08f73ad93f06cf3dd2521ca7103b7fd5"},{"path":"\/template\/web\/storeinfo.html","checksum":"bff85aa96e064738cc88f8bf649da943"},{"path":"\/template\/web\/storeinfo2.html","checksum":"ceef46060d7ab5d316a2e8e63a3054b1"},{"path":"\/template\/web\/storerz.html","checksum":"10a4ffb5fc8c75660cac82b419042592"},{"path":"\/template\/web\/storetype.html","checksum":"577e39ac711165515321271b68bba569"},{"path":"\/template\/web\/storetype2.html","checksum":"e6960eb7e488950313da8e200bbb9e03"},{"path":"\/template\/web\/storetypead.html","checksum":"c58c81fd5066be1733bd43ba5b5cebf7"},{"path":"\/template\/web\/tag.html","checksum":"1b8e0581b4095bee55125dda9dcd0fe5"},{"path":"\/template\/web\/template.html","checksum":"6a5be3ecb29ebd41527820b580cab7d1"},{"path":"\/template\/web\/top.html","checksum":"941968ca525cb5c1fb75a5d9c024de66"},{"path":"\/template\/web\/txapply.html","checksum":"46714b1a53089bdcd106515ac622f864"},{"path":"\/template\/web\/txdetails.html","checksum":"544345f476c05454ccaf4720b6578d78"},{"path":"\/template\/web\/txlist.html","checksum":"4c67055917c3144ef1d8ebaec13faaa1"},{"path":"\/template\/web\/txsz.html","checksum":"d414f364f0a65676469dd6884e2f5110"},{"path":"\/template\/web\/type.html","checksum":"f6e8924ccef29621547597841996b5d8"},{"path":"\/template\/web\/type2.html","checksum":"6852143f295c2e353bc877362e8c6d88"},{"path":"\/template\/web\/tzcheck.html","checksum":"c9f7aafb612914b90e3c34b7c9eeaea1"},{"path":"\/template\/web\/tzopen.html","checksum":"ae704ce485430a373ea63d994180022b"},{"path":"\/template\/web\/tzpinglun.html","checksum":"1cadd5782f5a8df9f4364918c449829f"},{"path":"\/template\/web\/user2.html","checksum":"69d108e5fe6d3e994308415aef4184de"},{"path":"\/template\/web\/video.html","checksum":"02b6fcc64ecd089c320b5bae080ad028"},{"path":"\/template\/web\/videotype.html","checksum":"1f801ba7014e08430664d8af556c3111"},{"path":"\/template\/web\/xsdata.html","checksum":"9cfa9f4578f6551f193cf593e80f3d2c"},{"path":"\/template\/web\/xsdatalist.html","checksum":"3faefbf7d177d55ce674d0269d4af29c"},{"path":"\/template\/web\/yellowcheck.html","checksum":"e5d6492e06a2226259144ae5f9ae2ef7"},{"path":"\/template\/web\/yellowset.html","checksum":"b02a2cf01d45c754f0b4b86322e02db6"},{"path":"\/template\/web\/yellowstore.html","checksum":"a7e254e236a413053881a06f68dc830a"},{"path":"\/template\/web\/yellowstoreinfo.html","checksum":"b181085d86d22d9d4d417fca1ed979fe"},{"path":"\/template\/web\/yellowtype.html","checksum":"bfbcce53908421f4ae7ee272eb5d478a"},{"path":"\/template\/web\/yellowtype2.html","checksum":"b4fa2bf82a895530af6821a5cda494f7"},{"path":"\/template\/web\/ygquan.html","checksum":"de3daa1e5790eaff2ecc85a8c063b94b"},{"path":"\/template\/web\/yj.html","checksum":"d77fcb19a3f66e9aded2b98ef51f4306"},{"path":"\/template\/web\/yjtx.html","checksum":"598a64995be370fabfd0109fe571e870"},{"path":"\/template\/web\/zx.html","checksum":"5583665b5cb3194fb4ebeeb2e2d90f23"},{"path":"\/template\/web\/zxcheck.html","checksum":"11f87d8b78b18f8c2578ee2da2173aec"},{"path":"\/template\/web\/zxcheckinfo.html","checksum":"e0f811f30fbf22204d431c3d46bc1494"},{"path":"\/template\/web\/zxcheckmanager.html","checksum":"9e3dc54527a5213fbf076dccb6031de4"},{"path":"\/template\/web\/zxpinglun.html","checksum":"23d7ce04400f2564897f5309f92a080a"},{"path":"\/template\/web\/zxtype.html","checksum":"cab71086b1dcd4f5de07f8dc27654157"},{"path":"\/tu.jpg","checksum":"622411295b52e780196e743574a0375e"},{"path":"\/update.php","checksum":"c254efd0ef0e5e2c1c4db5f0b4f39dc5"},{"path":"\/wxBizDataCrypt.php","checksum":"b1bce79b8a66be27e2434f1cc13f39b7"},{"path":"\/wxapp.php","checksum":"956934f58956d8acec8fc6db965d5568"},{"path":"\/wxpay.php","checksum":"97ff11146a4bfd10d6da25e4946fd6b1"},{"path":"\/wxpay2.php","checksum":"c74ef92078b2cd2d7d6a1ea8750ce807"},{"path":"\/yj.php","checksum":"069a895cbd303431434a2cfcdf512ac0"}]